--
-- PostgreSQL database dump
--

-- Dumped from database version 10.13
-- Dumped by pg_dump version 10.13

SET statement_timeout = 0;
SET lock_timeout = 0;
SET idle_in_transaction_session_timeout = 0;
SET client_encoding = 'UTF8';
SET standard_conforming_strings = on;
SELECT pg_catalog.set_config('search_path', '', false);
SET check_function_bodies = false;
SET xmloption = content;
SET client_min_messages = warning;
SET row_security = off;

--
-- Name: plpgsql; Type: EXTENSION; Schema: -; Owner: 
--

CREATE EXTENSION IF NOT EXISTS plpgsql WITH SCHEMA pg_catalog;


--
-- Name: EXTENSION plpgsql; Type: COMMENT; Schema: -; Owner: 
--

COMMENT ON EXTENSION plpgsql IS 'PL/pgSQL procedural language';


SET default_tablespace = '';

SET default_with_oids = false;

--
-- Name: BDEConnector; Type: TABLE; Schema: public; Owner: postgres
--

CREATE TABLE public."BDEConnector" (
    "Id" bigint NOT NULL,
    "StartElementId" bigint,
    "Uid" text,
    "Name" text,
    "Description" text,
    "BusinessEntityStatus" integer,
    "DateCreated" timestamp with time zone,
    "DateChanged" timestamp with time zone
);


ALTER TABLE public."BDEConnector" OWNER TO postgres;

--
-- Name: BDEConnector_Id_seq; Type: SEQUENCE; Schema: public; Owner: postgres
--

ALTER TABLE public."BDEConnector" ALTER COLUMN "Id" ADD GENERATED BY DEFAULT AS IDENTITY (
    SEQUENCE NAME public."BDEConnector_Id_seq"
    START WITH 1
    INCREMENT BY 1
    NO MINVALUE
    NO MAXVALUE
    CACHE 1
);


--
-- Name: BPStateEndpointCalls; Type: TABLE; Schema: public; Owner: postgres
--

CREATE TABLE public."BPStateEndpointCalls" (
    "Id" bigint NOT NULL,
    "BusinessProcessStateId" bigint NOT NULL,
    "EndpointCallId" bigint NOT NULL,
    "Uid" text,
    "Name" text,
    "Description" text,
    "BusinessEntityStatus" integer,
    "DateCreated" timestamp with time zone,
    "DateChanged" timestamp with time zone
);


ALTER TABLE public."BPStateEndpointCalls" OWNER TO postgres;

--
-- Name: BPStateEndpointCalls_Id_seq; Type: SEQUENCE; Schema: public; Owner: postgres
--

ALTER TABLE public."BPStateEndpointCalls" ALTER COLUMN "Id" ADD GENERATED BY DEFAULT AS IDENTITY (
    SEQUENCE NAME public."BPStateEndpointCalls_Id_seq"
    START WITH 1
    INCREMENT BY 1
    NO MINVALUE
    NO MAXVALUE
    CACHE 1
);


--
-- Name: BusinessDiagram; Type: TABLE; Schema: public; Owner: postgres
--

CREATE TABLE public."BusinessDiagram" (
    "Id" bigint NOT NULL,
    "Uid" text,
    "Name" text,
    "Description" text,
    "BusinessEntityStatus" integer,
    "DateCreated" timestamp with time zone,
    "DateChanged" timestamp with time zone
);


ALTER TABLE public."BusinessDiagram" OWNER TO postgres;

--
-- Name: BusinessDiagramElement; Type: TABLE; Schema: public; Owner: postgres
--

CREATE TABLE public."BusinessDiagramElement" (
    "Id" bigint NOT NULL,
    "BusinessDiagramId" bigint,
    "Uid" text,
    "Name" text,
    "Description" text,
    "BusinessEntityStatus" integer,
    "DateCreated" timestamp with time zone,
    "DateChanged" timestamp with time zone
);


ALTER TABLE public."BusinessDiagramElement" OWNER TO postgres;

--
-- Name: BusinessDiagramElement_Id_seq; Type: SEQUENCE; Schema: public; Owner: postgres
--

ALTER TABLE public."BusinessDiagramElement" ALTER COLUMN "Id" ADD GENERATED BY DEFAULT AS IDENTITY (
    SEQUENCE NAME public."BusinessDiagramElement_Id_seq"
    START WITH 1
    INCREMENT BY 1
    NO MINVALUE
    NO MAXVALUE
    CACHE 1
);


--
-- Name: BusinessDiagram_Id_seq; Type: SEQUENCE; Schema: public; Owner: postgres
--

ALTER TABLE public."BusinessDiagram" ALTER COLUMN "Id" ADD GENERATED BY DEFAULT AS IDENTITY (
    SEQUENCE NAME public."BusinessDiagram_Id_seq"
    START WITH 1
    INCREMENT BY 1
    NO MINVALUE
    NO MAXVALUE
    CACHE 1
);


--
-- Name: BusinessProcessStateTransitions; Type: TABLE; Schema: public; Owner: postgres
--

CREATE TABLE public."BusinessProcessStateTransitions" (
    "Id" bigint NOT NULL,
    "BusinessProcessId" bigint,
    "FromStateId" bigint,
    "ToStateId" bigint,
    "PreviousId" bigint,
    "EndpointCallId" bigint,
    "DateCreated" timestamp with time zone,
    "Uid" text,
    "Name" text,
    "Description" text,
    "BusinessEntityStatus" integer,
    "DateChanged" timestamp with time zone
);


ALTER TABLE public."BusinessProcessStateTransitions" OWNER TO postgres;

--
-- Name: BusinessProcessStateTransitions_Id_seq; Type: SEQUENCE; Schema: public; Owner: postgres
--

ALTER TABLE public."BusinessProcessStateTransitions" ALTER COLUMN "Id" ADD GENERATED BY DEFAULT AS IDENTITY (
    SEQUENCE NAME public."BusinessProcessStateTransitions_Id_seq"
    START WITH 1
    INCREMENT BY 1
    NO MINVALUE
    NO MAXVALUE
    CACHE 1
);


--
-- Name: BusinessProcessStates; Type: TABLE; Schema: public; Owner: postgres
--

CREATE TABLE public."BusinessProcessStates" (
    "Id" bigint NOT NULL,
    "BusinessProcessId" bigint,
    "DateCreated" timestamp with time zone,
    "Uid" text,
    "Name" text,
    "Description" text,
    "BusinessEntityStatus" integer,
    "DateChanged" timestamp with time zone
);


ALTER TABLE public."BusinessProcessStates" OWNER TO postgres;

--
-- Name: BusinessProcessStates_Id_seq; Type: SEQUENCE; Schema: public; Owner: postgres
--

ALTER TABLE public."BusinessProcessStates" ALTER COLUMN "Id" ADD GENERATED BY DEFAULT AS IDENTITY (
    SEQUENCE NAME public."BusinessProcessStates_Id_seq"
    START WITH 1
    INCREMENT BY 1
    NO MINVALUE
    NO MAXVALUE
    CACHE 1
);


--
-- Name: BusinessProcesses; Type: TABLE; Schema: public; Owner: postgres
--

CREATE TABLE public."BusinessProcesses" (
    "Id" bigint NOT NULL,
    "DiagramId" bigint,
    "ParentId" bigint,
    "VersionNumber" text,
    "DateCreated" timestamp with time zone,
    "Uid" text,
    "Name" text,
    "Description" text,
    "BusinessEntityStatus" integer,
    "DateChanged" timestamp with time zone
);


ALTER TABLE public."BusinessProcesses" OWNER TO postgres;

--
-- Name: BusinessProcesses_Id_seq; Type: SEQUENCE; Schema: public; Owner: postgres
--

ALTER TABLE public."BusinessProcesses" ALTER COLUMN "Id" ADD GENERATED BY DEFAULT AS IDENTITY (
    SEQUENCE NAME public."BusinessProcesses_Id_seq"
    START WITH 1
    INCREMENT BY 1
    NO MINVALUE
    NO MAXVALUE
    CACHE 1
);


--
-- Name: BusinessTaskDeliveryOrders; Type: TABLE; Schema: public; Owner: postgres
--

CREATE TABLE public."BusinessTaskDeliveryOrders" (
    "Id" bigint NOT NULL,
    "BusinessTaskId" bigint,
    "DeliveryOrderId" bigint,
    "Discriminator" text,
    "Uid" text,
    "Name" text,
    "Description" text,
    "BusinessEntityStatus" integer,
    "DateCreated" timestamp with time zone,
    "DateChanged" timestamp with time zone
);


ALTER TABLE public."BusinessTaskDeliveryOrders" OWNER TO postgres;

--
-- Name: BusinessTaskDeliveryOrders_Id_seq; Type: SEQUENCE; Schema: public; Owner: postgres
--

ALTER TABLE public."BusinessTaskDeliveryOrders" ALTER COLUMN "Id" ADD GENERATED BY DEFAULT AS IDENTITY (
    SEQUENCE NAME public."BusinessTaskDeliveryOrders_Id_seq"
    START WITH 1
    INCREMENT BY 1
    NO MINVALUE
    NO MAXVALUE
    CACHE 1
);


--
-- Name: BusinessTasks; Type: TABLE; Schema: public; Owner: postgres
--

CREATE TABLE public."BusinessTasks" (
    "Id" bigint NOT NULL,
    "Subject" text,
    "ParentTaskId" bigint,
    "DateEndActual" timestamp with time zone,
    "DateEndExpected" timestamp with time zone,
    "DateStartActual" timestamp with time zone,
    "DateStartExpected" timestamp with time zone,
    "ExecutorId" bigint,
    "ExecutorIsEmulationId" bigint,
    "ExecutorReplacedId" bigint,
    "Priority" integer NOT NULL,
    "BusinessProcessStateId" bigint,
    "ExpiredNotificationSent" boolean NOT NULL,
    "IsEmulation" boolean NOT NULL,
    "Status" integer NOT NULL,
    "Uid" text,
    "Name" text,
    "Description" text,
    "BusinessEntityStatus" integer,
    "ContactId" bigint,
    "CustomerName" text,
    "DeliveryMethodId" bigint,
    "Destination" text,
    "Discriminator" text DEFAULT ''::text NOT NULL,
    "GeneratedOrderQrCode" text,
    "OrderNumber" text,
    "Origin" text,
    "DateCreated" timestamp with time zone,
    "DateChanged" timestamp with time zone
);


ALTER TABLE public."BusinessTasks" OWNER TO postgres;

--
-- Name: BusinessTasks_Id_seq; Type: SEQUENCE; Schema: public; Owner: postgres
--

ALTER TABLE public."BusinessTasks" ALTER COLUMN "Id" ADD GENERATED BY DEFAULT AS IDENTITY (
    SEQUENCE NAME public."BusinessTasks_Id_seq"
    START WITH 1
    INCREMENT BY 1
    NO MINVALUE
    NO MAXVALUE
    CACHE 1
);


--
-- Name: Comments; Type: TABLE; Schema: public; Owner: postgres
--

CREATE TABLE public."Comments" (
    "Id" bigint NOT NULL,
    "Text" text,
    "AuthorCreatedId" bigint NOT NULL,
    "BusinessTaskId" bigint,
    "WorkflowInstanceId" bigint,
    "Uid" text,
    "Name" text,
    "Description" text,
    "BusinessEntityStatus" integer,
    "DateCreated" timestamp with time zone,
    "DateChanged" timestamp with time zone
);


ALTER TABLE public."Comments" OWNER TO postgres;

--
-- Name: Comment_Id_seq; Type: SEQUENCE; Schema: public; Owner: postgres
--

ALTER TABLE public."Comments" ALTER COLUMN "Id" ADD GENERATED BY DEFAULT AS IDENTITY (
    SEQUENCE NAME public."Comment_Id_seq"
    START WITH 1
    INCREMENT BY 1
    NO MINVALUE
    NO MAXVALUE
    CACHE 1
);


--
-- Name: Companies; Type: TABLE; Schema: public; Owner: postgres
--

CREATE TABLE public."Companies" (
    "Id" bigint NOT NULL,
    "RegistrationNumber" text,
    "VatNumber" text,
    "CrmRoleType" integer NOT NULL,
    "ContactId" bigint,
    "Address" text,
    "ShippingAddress" text,
    "HasVatRegistration" boolean NOT NULL,
    "Uid" text,
    "Name" text,
    "Description" text,
    "BusinessEntityStatus" integer,
    "DateCreated" timestamp with time zone,
    "DateChanged" timestamp with time zone
);


ALTER TABLE public."Companies" OWNER TO postgres;

--
-- Name: CompanyContract; Type: TABLE; Schema: public; Owner: postgres
--

CREATE TABLE public."CompanyContract" (
    "ContractsId" bigint NOT NULL,
    "CustomerCompaniesId" bigint NOT NULL
);


ALTER TABLE public."CompanyContract" OWNER TO postgres;

--
-- Name: CompanyEmployee; Type: TABLE; Schema: public; Owner: postgres
--

CREATE TABLE public."CompanyEmployee" (
    "CompaniesId" bigint NOT NULL,
    "EmployeesId" bigint NOT NULL
);


ALTER TABLE public."CompanyEmployee" OWNER TO postgres;

--
-- Name: Company_Id_seq; Type: SEQUENCE; Schema: public; Owner: postgres
--

ALTER TABLE public."Companies" ALTER COLUMN "Id" ADD GENERATED BY DEFAULT AS IDENTITY (
    SEQUENCE NAME public."Company_Id_seq"
    START WITH 1
    INCREMENT BY 1
    NO MINVALUE
    NO MAXVALUE
    CACHE 1
);


--
-- Name: Contacts; Type: TABLE; Schema: public; Owner: postgres
--

CREATE TABLE public."Contacts" (
    "Id" bigint NOT NULL,
    "MobilePhone" text,
    "HomePhone" text,
    "WorkPhone" text,
    "OfficePhone" text,
    "Email" text,
    "OfficeEmail" text,
    "Uid" text,
    "Name" text,
    "Description" text,
    "BusinessEntityStatus" integer,
    "DateCreated" timestamp with time zone,
    "DateChanged" timestamp with time zone
);


ALTER TABLE public."Contacts" OWNER TO postgres;

--
-- Name: Contact_Id_seq; Type: SEQUENCE; Schema: public; Owner: postgres
--

ALTER TABLE public."Contacts" ALTER COLUMN "Id" ADD GENERATED BY DEFAULT AS IDENTITY (
    SEQUENCE NAME public."Contact_Id_seq"
    START WITH 1
    INCREMENT BY 1
    NO MINVALUE
    NO MAXVALUE
    CACHE 1
);


--
-- Name: Contract; Type: TABLE; Schema: public; Owner: postgres
--

CREATE TABLE public."Contract" (
    "Id" bigint NOT NULL,
    "ContractType" integer,
    "Uid" text,
    "Name" text,
    "Description" text,
    "BusinessEntityStatus" integer,
    "DateCreated" timestamp with time zone,
    "DateChanged" timestamp with time zone
);


ALTER TABLE public."Contract" OWNER TO postgres;

--
-- Name: ContractCustomer; Type: TABLE; Schema: public; Owner: postgres
--

CREATE TABLE public."ContractCustomer" (
    "ContractsId" bigint NOT NULL,
    "CustomersId" bigint NOT NULL
);


ALTER TABLE public."ContractCustomer" OWNER TO postgres;

--
-- Name: ContractEmployee; Type: TABLE; Schema: public; Owner: postgres
--

CREATE TABLE public."ContractEmployee" (
    "ContractsId" bigint NOT NULL,
    "OurEmployeesId" bigint NOT NULL
);


ALTER TABLE public."ContractEmployee" OWNER TO postgres;

--
-- Name: ContractOrganization; Type: TABLE; Schema: public; Owner: postgres
--

CREATE TABLE public."ContractOrganization" (
    "ContractsId" bigint NOT NULL,
    "OurOrganizationsId" bigint NOT NULL
);


ALTER TABLE public."ContractOrganization" OWNER TO postgres;

--
-- Name: Contract_Id_seq; Type: SEQUENCE; Schema: public; Owner: postgres
--

ALTER TABLE public."Contract" ALTER COLUMN "Id" ADD GENERATED BY DEFAULT AS IDENTITY (
    SEQUENCE NAME public."Contract_Id_seq"
    START WITH 1
    INCREMENT BY 1
    NO MINVALUE
    NO MAXVALUE
    CACHE 1
);


--
-- Name: Customers; Type: TABLE; Schema: public; Owner: postgres
--

CREATE TABLE public."Customers" (
    "Id" bigint NOT NULL,
    "FirstName" text,
    "MiddleName" text,
    "LastName" text,
    "FullName" text,
    "CrmRoleType" integer NOT NULL,
    "ContactId" bigint,
    "UserAccountId" bigint,
    "CompanyId" bigint,
    "Uid" text,
    "Name" text,
    "Description" text,
    "BusinessEntityStatus" integer,
    "DateCreated" timestamp with time zone,
    "DateChanged" timestamp with time zone
);


ALTER TABLE public."Customers" OWNER TO postgres;

--
-- Name: Customer_Id_seq; Type: SEQUENCE; Schema: public; Owner: postgres
--

ALTER TABLE public."Customers" ALTER COLUMN "Id" ADD GENERATED BY DEFAULT AS IDENTITY (
    SEQUENCE NAME public."Customer_Id_seq"
    START WITH 1
    INCREMENT BY 1
    NO MINVALUE
    NO MAXVALUE
    CACHE 1
);


--
-- Name: DbgLogs; Type: TABLE; Schema: public; Owner: postgres
--

CREATE TABLE public."DbgLogs" (
    "Id" bigint NOT NULL,
    "SourceName" text,
    "SourceDetails" text,
    "SourceStatus" text,
    "DateCreated" timestamp with time zone,
    "DateChanged" timestamp with time zone
);


ALTER TABLE public."DbgLogs" OWNER TO postgres;

--
-- Name: DbgLogs_Id_seq; Type: SEQUENCE; Schema: public; Owner: postgres
--

ALTER TABLE public."DbgLogs" ALTER COLUMN "Id" ADD GENERATED BY DEFAULT AS IDENTITY (
    SEQUENCE NAME public."DbgLogs_Id_seq"
    START WITH 1
    INCREMENT BY 1
    NO MINVALUE
    NO MAXVALUE
    CACHE 1
);


--
-- Name: DeliveryMethods; Type: TABLE; Schema: public; Owner: postgres
--

CREATE TABLE public."DeliveryMethods" (
    "Id" bigint NOT NULL,
    "Type" integer NOT NULL,
    "Price" numeric NOT NULL,
    "Uid" text,
    "Name" text,
    "Description" text,
    "BusinessEntityStatus" integer,
    "DateCreated" timestamp with time zone,
    "DateChanged" timestamp with time zone
);


ALTER TABLE public."DeliveryMethods" OWNER TO postgres;

--
-- Name: DeliveryMethods_Id_seq; Type: SEQUENCE; Schema: public; Owner: postgres
--

ALTER TABLE public."DeliveryMethods" ALTER COLUMN "Id" ADD GENERATED BY DEFAULT AS IDENTITY (
    SEQUENCE NAME public."DeliveryMethods_Id_seq"
    START WITH 1
    INCREMENT BY 1
    NO MINVALUE
    NO MAXVALUE
    CACHE 1
);


--
-- Name: DeliveryOrderProducts; Type: TABLE; Schema: public; Owner: postgres
--

CREATE TABLE public."DeliveryOrderProducts" (
    "Id" bigint NOT NULL,
    "ProductId" bigint,
    "DeliveryOrderId" bigint,
    "Quantity" integer NOT NULL,
    "Uid" text,
    "Name" text,
    "Description" text,
    "BusinessEntityStatus" integer,
    "DateCreated" timestamp with time zone,
    "DateChanged" timestamp with time zone
);


ALTER TABLE public."DeliveryOrderProducts" OWNER TO postgres;

--
-- Name: DeliveryOrderProducts_Id_seq; Type: SEQUENCE; Schema: public; Owner: postgres
--

ALTER TABLE public."DeliveryOrderProducts" ALTER COLUMN "Id" ADD GENERATED BY DEFAULT AS IDENTITY (
    SEQUENCE NAME public."DeliveryOrderProducts_Id_seq"
    START WITH 1
    INCREMENT BY 1
    NO MINVALUE
    NO MAXVALUE
    CACHE 1
);


--
-- Name: EmployeeOrganizationItem; Type: TABLE; Schema: public; Owner: postgres
--

CREATE TABLE public."EmployeeOrganizationItem" (
    "EmployeesId" bigint NOT NULL,
    "OrganizationItemsId" bigint NOT NULL
);


ALTER TABLE public."EmployeeOrganizationItem" OWNER TO postgres;

--
-- Name: Employees; Type: TABLE; Schema: public; Owner: postgres
--

CREATE TABLE public."Employees" (
    "Id" bigint NOT NULL,
    "FirstName" text,
    "MiddleName" text,
    "LastName" text,
    "FullName" text,
    "MobilePhone" text,
    "WorkPhone" text,
    "Skype" text,
    "ICQ" text,
    "BirthDate" timestamp with time zone,
    "EmployDate" timestamp with time zone,
    "ReplacementMode" integer NOT NULL,
    "AuthProviderType" integer NOT NULL,
    "Locale" text,
    "Uid" text,
    "Name" text,
    "Description" text,
    "BusinessEntityStatus" integer,
    "DateCreated" timestamp with time zone,
    "DateChanged" timestamp with time zone,
    "Gender" integer
);


ALTER TABLE public."Employees" OWNER TO postgres;

--
-- Name: Employee_Id_seq; Type: SEQUENCE; Schema: public; Owner: postgres
--

ALTER TABLE public."Employees" ALTER COLUMN "Id" ADD GENERATED BY DEFAULT AS IDENTITY (
    SEQUENCE NAME public."Employee_Id_seq"
    START WITH 1
    INCREMENT BY 1
    NO MINVALUE
    NO MAXVALUE
    CACHE 1
);


--
-- Name: EndpointCalls; Type: TABLE; Schema: public; Owner: postgres
--

CREATE TABLE public."EndpointCalls" (
    "Id" bigint NOT NULL,
    "EndpointFromId" bigint,
    "EndpointToId" bigint,
    "EndpointTypeFromId" bigint,
    "EndpointTypeToId" bigint,
    "EndpointCallType" integer,
    "ApiMethodName" text,
    "MessageBrokerType" integer,
    "QueueName" text,
    "TimeoutLimit" integer,
    "AttemptsLimit" integer
);


ALTER TABLE public."EndpointCalls" OWNER TO postgres;

--
-- Name: EndpointCalls_Id_seq; Type: SEQUENCE; Schema: public; Owner: postgres
--

ALTER TABLE public."EndpointCalls" ALTER COLUMN "Id" ADD GENERATED BY DEFAULT AS IDENTITY (
    SEQUENCE NAME public."EndpointCalls_Id_seq"
    START WITH 1
    INCREMENT BY 1
    NO MINVALUE
    NO MAXVALUE
    CACHE 1
);


--
-- Name: EndpointTypes; Type: TABLE; Schema: public; Owner: postgres
--

CREATE TABLE public."EndpointTypes" (
    "Id" bigint NOT NULL,
    "Name" text
);


ALTER TABLE public."EndpointTypes" OWNER TO postgres;

--
-- Name: EndpointTypes_Id_seq; Type: SEQUENCE; Schema: public; Owner: postgres
--

ALTER TABLE public."EndpointTypes" ALTER COLUMN "Id" ADD GENERATED BY DEFAULT AS IDENTITY (
    SEQUENCE NAME public."EndpointTypes_Id_seq"
    START WITH 1
    INCREMENT BY 1
    NO MINVALUE
    NO MAXVALUE
    CACHE 1
);


--
-- Name: Endpoints; Type: TABLE; Schema: public; Owner: postgres
--

CREATE TABLE public."Endpoints" (
    "Id" bigint NOT NULL,
    "Name" text,
    "ClassName" text,
    "IpAddress" text,
    "Port" integer,
    "NetworkAddress" text,
    "EndpointTypeId" bigint,
    "EndpointDeploymentType" integer,
    "Status" integer
);


ALTER TABLE public."Endpoints" OWNER TO postgres;

--
-- Name: Endpoints_Id_seq; Type: SEQUENCE; Schema: public; Owner: postgres
--

ALTER TABLE public."Endpoints" ALTER COLUMN "Id" ADD GENERATED BY DEFAULT AS IDENTITY (
    SEQUENCE NAME public."Endpoints_Id_seq"
    START WITH 1
    INCREMENT BY 1
    NO MINVALUE
    NO MAXVALUE
    CACHE 1
);


--
-- Name: Ingredients; Type: TABLE; Schema: public; Owner: postgres
--

CREATE TABLE public."Ingredients" (
    "Id" bigint NOT NULL,
    "IngredientProductId" bigint,
    "FinalProductId" bigint,
    "Quantity" double precision NOT NULL,
    "RecipeId" bigint,
    "Uid" text,
    "Name" text,
    "Description" text,
    "BusinessEntityStatus" integer,
    "DateCreated" timestamp with time zone,
    "DateChanged" timestamp with time zone
);


ALTER TABLE public."Ingredients" OWNER TO postgres;

--
-- Name: Ingredients_Id_seq; Type: SEQUENCE; Schema: public; Owner: postgres
--

ALTER TABLE public."Ingredients" ALTER COLUMN "Id" ADD GENERATED BY DEFAULT AS IDENTITY (
    SEQUENCE NAME public."Ingredients_Id_seq"
    START WITH 1
    INCREMENT BY 1
    NO MINVALUE
    NO MAXVALUE
    CACHE 1
);


--
-- Name: InitialOrderIngredients; Type: TABLE; Schema: public; Owner: postgres
--

CREATE TABLE public."InitialOrderIngredients" (
    "Id" bigint NOT NULL,
    "IngredientId" bigint,
    "InitialOrderId" bigint,
    "InitialOrderProductId" bigint,
    "Quantity" integer NOT NULL,
    "CookingOperationId" bigint,
    "DeliveryWh2KitchenId" bigint,
    "Uid" text,
    "Name" text,
    "Description" text,
    "BusinessEntityStatus" integer,
    "DateCreated" timestamp with time zone,
    "DateChanged" timestamp with time zone
);


ALTER TABLE public."InitialOrderIngredients" OWNER TO postgres;

--
-- Name: InitialOrderIngredients_Id_seq; Type: SEQUENCE; Schema: public; Owner: postgres
--

ALTER TABLE public."InitialOrderIngredients" ALTER COLUMN "Id" ADD GENERATED BY DEFAULT AS IDENTITY (
    SEQUENCE NAME public."InitialOrderIngredients_Id_seq"
    START WITH 1
    INCREMENT BY 1
    NO MINVALUE
    NO MAXVALUE
    CACHE 1
);


--
-- Name: InitialOrderProducts; Type: TABLE; Schema: public; Owner: postgres
--

CREATE TABLE public."InitialOrderProducts" (
    "Id" bigint NOT NULL,
    "ProductId" bigint,
    "InitialOrderId" bigint,
    "Quantity" integer NOT NULL,
    "CookingOperationId" bigint,
    "DeliveryKitchen2WhId" bigint,
    "DeliveryWh2KitchenId" bigint,
    "Uid" text,
    "Name" text,
    "Description" text,
    "BusinessEntityStatus" integer,
    "DateCreated" timestamp with time zone,
    "DateChanged" timestamp with time zone
);


ALTER TABLE public."InitialOrderProducts" OWNER TO postgres;

--
-- Name: InitialOrderProducts_Id_seq; Type: SEQUENCE; Schema: public; Owner: postgres
--

ALTER TABLE public."InitialOrderProducts" ALTER COLUMN "Id" ADD GENERATED BY DEFAULT AS IDENTITY (
    SEQUENCE NAME public."InitialOrderProducts_Id_seq"
    START WITH 1
    INCREMENT BY 1
    NO MINVALUE
    NO MAXVALUE
    CACHE 1
);


--
-- Name: InitialOrders; Type: TABLE; Schema: public; Owner: postgres
--

CREATE TABLE public."InitialOrders" (
    "Id" bigint NOT NULL,
    "UserUid" text,
    "Login" text,
    "PhoneNumber" text,
    "City" text,
    "Address" text,
    "PaymentType" text,
    "PaymentMethod" text,
    "PaymentAmount" numeric NOT NULL,
    "DeliveryOrderId" bigint,
    "CookingOperationId" bigint,
    "DeliveryKitchen2WhId" bigint,
    "DeliveryWh2KitchenId" bigint,
    "Uid" text,
    "Name" text,
    "Description" text,
    "BusinessEntityStatus" integer,
    "DateCreated" timestamp with time zone,
    "DateChanged" timestamp with time zone
);


ALTER TABLE public."InitialOrders" OWNER TO postgres;

--
-- Name: InitialOrders_Id_seq; Type: SEQUENCE; Schema: public; Owner: postgres
--

ALTER TABLE public."InitialOrders" ALTER COLUMN "Id" ADD GENERATED BY DEFAULT AS IDENTITY (
    SEQUENCE NAME public."InitialOrders_Id_seq"
    START WITH 1
    INCREMENT BY 1
    NO MINVALUE
    NO MAXVALUE
    CACHE 1
);


--
-- Name: Notifications; Type: TABLE; Schema: public; Owner: postgres
--

CREATE TABLE public."Notifications" (
    "Id" bigint NOT NULL,
    "SenderId" bigint NOT NULL,
    "ReceiverId" bigint NOT NULL,
    "TitleText" text,
    "BodyText" text,
    "DateSent" timestamp with time zone,
    "DateReceived" timestamp with time zone,
    "Notes" text,
    "Uid" text,
    "Name" text,
    "Description" text,
    "BusinessEntityStatus" integer,
    "DateCreated" timestamp with time zone,
    "DateChanged" timestamp with time zone
);


ALTER TABLE public."Notifications" OWNER TO postgres;

--
-- Name: Notifications_Id_seq; Type: SEQUENCE; Schema: public; Owner: postgres
--

ALTER TABLE public."Notifications" ALTER COLUMN "Id" ADD GENERATED BY DEFAULT AS IDENTITY (
    SEQUENCE NAME public."Notifications_Id_seq"
    START WITH 1
    INCREMENT BY 1
    NO MINVALUE
    NO MAXVALUE
    CACHE 1
);


--
-- Name: OrderProducts; Type: TABLE; Schema: public; Owner: postgres
--

CREATE TABLE public."OrderProducts" (
    "Id" bigint NOT NULL,
    "ProductId" bigint,
    "OrderId" bigint,
    "Quantity" integer NOT NULL,
    "Uid" text,
    "Name" text,
    "Description" text,
    "BusinessEntityStatus" integer,
    "DateCreated" timestamp with time zone,
    "DateChanged" timestamp with time zone
);


ALTER TABLE public."OrderProducts" OWNER TO postgres;

--
-- Name: OrderProducts_Id_seq; Type: SEQUENCE; Schema: public; Owner: postgres
--

ALTER TABLE public."OrderProducts" ALTER COLUMN "Id" ADD GENERATED BY DEFAULT AS IDENTITY (
    SEQUENCE NAME public."OrderProducts_Id_seq"
    START WITH 1
    INCREMENT BY 1
    NO MINVALUE
    NO MAXVALUE
    CACHE 1
);


--
-- Name: Orders; Type: TABLE; Schema: public; Owner: postgres
--

CREATE TABLE public."Orders" (
    "Id" bigint NOT NULL,
    "Number" text,
    "DateStartExpected" timestamp with time zone,
    "DateStartActual" timestamp with time zone,
    "ParentOrderId" bigint,
    "CustomerUid" text,
    "CustomerName" text,
    "OrderCustomerType" integer,
    "ExecutorUid" text,
    "ExecutorName" text,
    "OrderExecutorType" integer,
    "ProductsPrice" numeric NOT NULL,
    "AdditonalPrice" numeric NOT NULL,
    "TaxPrice" numeric NOT NULL,
    "TotalPrice" numeric NOT NULL,
    "CouldBeCancelled" boolean NOT NULL,
    "Status" text,
    "Discriminator" text NOT NULL,
    "ParentDeliveryOrderId" bigint,
    "DeliveryMethodId" bigint,
    "DeliveryPrice" numeric,
    "Origin" text,
    "Destination" text,
    "Uid" text,
    "Name" text,
    "Description" text,
    "BusinessEntityStatus" integer,
    "DateCreated" timestamp with time zone,
    "DateChanged" timestamp with time zone,
    "DateEndActual" timestamp with time zone,
    "DateEndExpected" timestamp with time zone
);


ALTER TABLE public."Orders" OWNER TO postgres;

--
-- Name: Orders_Id_seq; Type: SEQUENCE; Schema: public; Owner: postgres
--

ALTER TABLE public."Orders" ALTER COLUMN "Id" ADD GENERATED BY DEFAULT AS IDENTITY (
    SEQUENCE NAME public."Orders_Id_seq"
    START WITH 1
    INCREMENT BY 1
    NO MINVALUE
    NO MAXVALUE
    CACHE 1
);


--
-- Name: OrganizationItems; Type: TABLE; Schema: public; Owner: postgres
--

CREATE TABLE public."OrganizationItems" (
    "Id" bigint NOT NULL,
    "ItemType" integer NOT NULL,
    "IsDeleted" boolean NOT NULL,
    "HardDelete" boolean NOT NULL,
    "ParentItemId" bigint,
    "Address" text,
    "Uid" text,
    "Name" text,
    "Description" text,
    "BusinessEntityStatus" integer,
    "DateCreated" timestamp with time zone,
    "DateChanged" timestamp with time zone,
    "OrganizationName" text
);


ALTER TABLE public."OrganizationItems" OWNER TO postgres;

--
-- Name: OrganizationItem_Id_seq; Type: SEQUENCE; Schema: public; Owner: postgres
--

ALTER TABLE public."OrganizationItems" ALTER COLUMN "Id" ADD GENERATED BY DEFAULT AS IDENTITY (
    SEQUENCE NAME public."OrganizationItem_Id_seq"
    START WITH 1
    INCREMENT BY 1
    NO MINVALUE
    NO MAXVALUE
    CACHE 1
);


--
-- Name: Organizations; Type: TABLE; Schema: public; Owner: postgres
--

CREATE TABLE public."Organizations" (
    "Id" bigint NOT NULL,
    "CompanyId" bigint,
    "HeadItemId" bigint,
    "Uid" text,
    "Name" text,
    "Description" text,
    "BusinessEntityStatus" integer,
    "DateCreated" timestamp with time zone,
    "DateChanged" timestamp with time zone
);


ALTER TABLE public."Organizations" OWNER TO postgres;

--
-- Name: Organization_Id_seq; Type: SEQUENCE; Schema: public; Owner: postgres
--

ALTER TABLE public."Organizations" ALTER COLUMN "Id" ADD GENERATED BY DEFAULT AS IDENTITY (
    SEQUENCE NAME public."Organization_Id_seq"
    START WITH 1
    INCREMENT BY 1
    NO MINVALUE
    NO MAXVALUE
    CACHE 1
);


--
-- Name: Payments; Type: TABLE; Schema: public; Owner: postgres
--

CREATE TABLE public."Payments" (
    "Id" bigint NOT NULL,
    "Payer" text,
    "Receiver" text,
    "CardNumber" text,
    "Amount" numeric NOT NULL,
    "Date" timestamp with time zone,
    "PaymentType" text,
    "PaymentMethod" text,
    "Status" text,
    "OrderId" bigint,
    "Uid" text,
    "Name" text,
    "Description" text,
    "BusinessEntityStatus" integer,
    "DateCreated" timestamp with time zone,
    "DateChanged" timestamp with time zone
);


ALTER TABLE public."Payments" OWNER TO postgres;

--
-- Name: Payments_Id_seq; Type: SEQUENCE; Schema: public; Owner: postgres
--

ALTER TABLE public."Payments" ALTER COLUMN "Id" ADD GENERATED BY DEFAULT AS IDENTITY (
    SEQUENCE NAME public."Payments_Id_seq"
    START WITH 1
    INCREMENT BY 1
    NO MINVALUE
    NO MAXVALUE
    CACHE 1
);


--
-- Name: ProductCategories; Type: TABLE; Schema: public; Owner: postgres
--

CREATE TABLE public."ProductCategories" (
    "Id" bigint NOT NULL,
    "PictureUrl" text,
    "PictureDescription" text,
    "ProductCategoryType" integer,
    "Uid" text,
    "Name" text,
    "Description" text,
    "BusinessEntityStatus" integer,
    "DateCreated" timestamp with time zone,
    "DateChanged" timestamp with time zone
);


ALTER TABLE public."ProductCategories" OWNER TO postgres;

--
-- Name: ProductCategories_Id_seq; Type: SEQUENCE; Schema: public; Owner: postgres
--

ALTER TABLE public."ProductCategories" ALTER COLUMN "Id" ADD GENERATED BY DEFAULT AS IDENTITY (
    SEQUENCE NAME public."ProductCategories_Id_seq"
    START WITH 1
    INCREMENT BY 1
    NO MINVALUE
    NO MAXVALUE
    CACHE 1
);


--
-- Name: ProductTransfers; Type: TABLE; Schema: public; Owner: postgres
--

CREATE TABLE public."ProductTransfers" (
    "Id" bigint NOT NULL,
    "WHProductId" bigint,
    "OrderProductId" bigint,
    "OrderId" bigint,
    "DeliveryOrderProductId" bigint,
    "DeliveryOrderId" bigint,
    "ParentId" bigint,
    "BusinessOperationId" bigint,
    "Date" timestamp with time zone,
    "OldQuantity" double precision,
    "NewQuantity" double precision NOT NULL,
    "QuantityDelta" double precision NOT NULL,
    "OldStatus" text,
    "NewStatus" text,
    "Uid" text,
    "Name" text,
    "Description" text,
    "BusinessEntityStatus" integer,
    "DateCreated" timestamp with time zone,
    "DateChanged" timestamp with time zone
);


ALTER TABLE public."ProductTransfers" OWNER TO postgres;

--
-- Name: ProductTransfers_Id_seq; Type: SEQUENCE; Schema: public; Owner: postgres
--

ALTER TABLE public."ProductTransfers" ALTER COLUMN "Id" ADD GENERATED BY DEFAULT AS IDENTITY (
    SEQUENCE NAME public."ProductTransfers_Id_seq"
    START WITH 1
    INCREMENT BY 1
    NO MINVALUE
    NO MAXVALUE
    CACHE 1
);


--
-- Name: Products; Type: TABLE; Schema: public; Owner: postgres
--

CREATE TABLE public."Products" (
    "Id" bigint NOT NULL,
    "Price" numeric NOT NULL,
    "Quantity" integer NOT NULL,
    "ProductCategoryId" bigint,
    "PictureUrl" text,
    "PictureDescription" text,
    "Uid" text,
    "Name" text,
    "Description" text,
    "BusinessEntityStatus" integer,
    "DateCreated" timestamp with time zone,
    "DateChanged" timestamp with time zone
);


ALTER TABLE public."Products" OWNER TO postgres;

--
-- Name: Products_Id_seq; Type: SEQUENCE; Schema: public; Owner: postgres
--

ALTER TABLE public."Products" ALTER COLUMN "Id" ADD GENERATED BY DEFAULT AS IDENTITY (
    SEQUENCE NAME public."Products_Id_seq"
    START WITH 1
    INCREMENT BY 1
    NO MINVALUE
    NO MAXVALUE
    CACHE 1
);


--
-- Name: Project; Type: TABLE; Schema: public; Owner: postgres
--

CREATE TABLE public."Project" (
    "Id" bigint NOT NULL,
    "IsActive" boolean NOT NULL,
    "ContractId" bigint NOT NULL,
    "Location" text,
    "CompanyId" bigint,
    "CustomerId" bigint,
    "DateStartExpected" timestamp with time zone,
    "GuaranteePeriodInMonths" integer NOT NULL,
    "ManagerId" bigint,
    "CompletePercent" integer NOT NULL,
    "Uid" text,
    "Name" text,
    "Description" text,
    "BusinessEntityStatus" integer,
    "DateCreated" timestamp with time zone,
    "DateChanged" timestamp with time zone,
    "DateEndActual" timestamp with time zone,
    "DateEndExpected" timestamp with time zone,
    "DateStartActual" timestamp with time zone
);


ALTER TABLE public."Project" OWNER TO postgres;

--
-- Name: ProjectPhase; Type: TABLE; Schema: public; Owner: postgres
--

CREATE TABLE public."ProjectPhase" (
    "Id" bigint NOT NULL,
    "ProjectId" bigint,
    "ProjectPlanItemId" bigint,
    "Uid" text,
    "Name" text,
    "Description" text,
    "BusinessEntityStatus" integer,
    "DateCreated" timestamp with time zone,
    "DateChanged" timestamp with time zone
);


ALTER TABLE public."ProjectPhase" OWNER TO postgres;

--
-- Name: ProjectPhase_Id_seq; Type: SEQUENCE; Schema: public; Owner: postgres
--

ALTER TABLE public."ProjectPhase" ALTER COLUMN "Id" ADD GENERATED BY DEFAULT AS IDENTITY (
    SEQUENCE NAME public."ProjectPhase_Id_seq"
    START WITH 1
    INCREMENT BY 1
    NO MINVALUE
    NO MAXVALUE
    CACHE 1
);


--
-- Name: ProjectPlanItem; Type: TABLE; Schema: public; Owner: postgres
--

CREATE TABLE public."ProjectPlanItem" (
    "Id" bigint NOT NULL,
    "Priority" integer,
    "ProjectPlanItemId" bigint,
    "Uid" text,
    "Name" text,
    "Description" text,
    "BusinessEntityStatus" integer,
    "DateCreated" timestamp with time zone,
    "DateChanged" timestamp with time zone
);


ALTER TABLE public."ProjectPlanItem" OWNER TO postgres;

--
-- Name: ProjectPlanItem_Id_seq; Type: SEQUENCE; Schema: public; Owner: postgres
--

ALTER TABLE public."ProjectPlanItem" ALTER COLUMN "Id" ADD GENERATED BY DEFAULT AS IDENTITY (
    SEQUENCE NAME public."ProjectPlanItem_Id_seq"
    START WITH 1
    INCREMENT BY 1
    NO MINVALUE
    NO MAXVALUE
    CACHE 1
);


--
-- Name: Project_Id_seq; Type: SEQUENCE; Schema: public; Owner: postgres
--

ALTER TABLE public."Project" ALTER COLUMN "Id" ADD GENERATED BY DEFAULT AS IDENTITY (
    SEQUENCE NAME public."Project_Id_seq"
    START WITH 1
    INCREMENT BY 1
    NO MINVALUE
    NO MAXVALUE
    CACHE 1
);


--
-- Name: Recipes; Type: TABLE; Schema: public; Owner: postgres
--

CREATE TABLE public."Recipes" (
    "Id" bigint NOT NULL,
    "ProductId" bigint,
    "Instruction" text,
    "Uid" text,
    "Name" text,
    "Description" text,
    "BusinessEntityStatus" integer,
    "DateCreated" timestamp with time zone,
    "DateChanged" timestamp with time zone
);


ALTER TABLE public."Recipes" OWNER TO postgres;

--
-- Name: Recipes_Id_seq; Type: SEQUENCE; Schema: public; Owner: postgres
--

ALTER TABLE public."Recipes" ALTER COLUMN "Id" ADD GENERATED BY DEFAULT AS IDENTITY (
    SEQUENCE NAME public."Recipes_Id_seq"
    START WITH 1
    INCREMENT BY 1
    NO MINVALUE
    NO MAXVALUE
    CACHE 1
);


--
-- Name: Risk; Type: TABLE; Schema: public; Owner: postgres
--

CREATE TABLE public."Risk" (
    "Id" bigint NOT NULL,
    "Severity" integer NOT NULL,
    "AuthorCreatedId" bigint,
    "AuthorChangedId" bigint,
    "DateResolved" timestamp with time zone,
    "AuthorResolvedId" bigint,
    "Status" integer NOT NULL,
    "BusinessTaskId" bigint,
    "ProjectId" bigint,
    "Uid" text,
    "Name" text,
    "Description" text,
    "BusinessEntityStatus" integer,
    "DateCreated" timestamp with time zone,
    "DateChanged" timestamp with time zone,
    "CommentResolved" text
);


ALTER TABLE public."Risk" OWNER TO postgres;

--
-- Name: Risk_Id_seq; Type: SEQUENCE; Schema: public; Owner: postgres
--

ALTER TABLE public."Risk" ALTER COLUMN "Id" ADD GENERATED BY DEFAULT AS IDENTITY (
    SEQUENCE NAME public."Risk_Id_seq"
    START WITH 1
    INCREMENT BY 1
    NO MINVALUE
    NO MAXVALUE
    CACHE 1
);


--
-- Name: Skill; Type: TABLE; Schema: public; Owner: postgres
--

CREATE TABLE public."Skill" (
    "Id" bigint NOT NULL,
    "EmployeeId" bigint,
    "Uid" text,
    "Name" text,
    "Description" text,
    "BusinessEntityStatus" integer,
    "DateCreated" timestamp with time zone,
    "DateChanged" timestamp with time zone
);


ALTER TABLE public."Skill" OWNER TO postgres;

--
-- Name: Skill_Id_seq; Type: SEQUENCE; Schema: public; Owner: postgres
--

ALTER TABLE public."Skill" ALTER COLUMN "Id" ADD GENERATED BY DEFAULT AS IDENTITY (
    SEQUENCE NAME public."Skill_Id_seq"
    START WITH 1
    INCREMENT BY 1
    NO MINVALUE
    NO MAXVALUE
    CACHE 1
);


--
-- Name: UserAccountGroups; Type: TABLE; Schema: public; Owner: postgres
--

CREATE TABLE public."UserAccountGroups" (
    "Id" bigint NOT NULL,
    "UserAccountId" bigint NOT NULL,
    "UserGroupId" bigint NOT NULL,
    "Uid" text,
    "Name" text,
    "Description" text,
    "DateCreated" timestamp with time zone,
    "DateChanged" timestamp with time zone,
    "BusinessEntityStatus" integer
);


ALTER TABLE public."UserAccountGroups" OWNER TO postgres;

--
-- Name: UserAccountGroups_Id_seq; Type: SEQUENCE; Schema: public; Owner: postgres
--

ALTER TABLE public."UserAccountGroups" ALTER COLUMN "Id" ADD GENERATED BY DEFAULT AS IDENTITY (
    SEQUENCE NAME public."UserAccountGroups_Id_seq"
    START WITH 1
    INCREMENT BY 1
    NO MINVALUE
    NO MAXVALUE
    CACHE 1
);


--
-- Name: UserAccounts; Type: TABLE; Schema: public; Owner: postgres
--

CREATE TABLE public."UserAccounts" (
    "Id" bigint NOT NULL,
    "Login" text NOT NULL,
    "Email" text,
    "PhoneNumber" text,
    "Password" text NOT NULL,
    "Photo" bytea,
    "PhotoUrl" text,
    "Status" integer NOT NULL,
    "LastSeenDt" timestamp with time zone,
    "Uid" text,
    "Name" text,
    "Description" text,
    "BusinessEntityStatus" integer,
    "DateCreated" timestamp with time zone,
    "DateChanged" timestamp with time zone
);


ALTER TABLE public."UserAccounts" OWNER TO postgres;

--
-- Name: UserAccount_Id_seq; Type: SEQUENCE; Schema: public; Owner: postgres
--

ALTER TABLE public."UserAccounts" ALTER COLUMN "Id" ADD GENERATED BY DEFAULT AS IDENTITY (
    SEQUENCE NAME public."UserAccount_Id_seq"
    START WITH 1
    INCREMENT BY 1
    NO MINVALUE
    NO MAXVALUE
    CACHE 1
);


--
-- Name: UserGroups; Type: TABLE; Schema: public; Owner: postgres
--

CREATE TABLE public."UserGroups" (
    "Id" bigint NOT NULL,
    "IsGroupByDefault" boolean NOT NULL,
    "IsSystem" boolean NOT NULL,
    "AuthorCreatedId" bigint,
    "DateChanged" timestamp with time zone,
    "AuthorChangedId" bigint,
    "Uid" text,
    "Name" text,
    "Description" text,
    "BusinessEntityStatus" integer,
    "DateCreated" timestamp with time zone
);


ALTER TABLE public."UserGroups" OWNER TO postgres;

--
-- Name: UserGroups_Id_seq; Type: SEQUENCE; Schema: public; Owner: postgres
--

ALTER TABLE public."UserGroups" ALTER COLUMN "Id" ADD GENERATED BY DEFAULT AS IDENTITY (
    SEQUENCE NAME public."UserGroups_Id_seq"
    START WITH 1
    INCREMENT BY 1
    NO MINVALUE
    NO MAXVALUE
    CACHE 1
);


--
-- Name: WHProducts; Type: TABLE; Schema: public; Owner: postgres
--

CREATE TABLE public."WHProducts" (
    "Id" bigint NOT NULL,
    "ProductId" bigint,
    "Quantity" integer NOT NULL,
    "MinQuantity" integer NOT NULL,
    "MaxQuantity" integer NOT NULL,
    "Uid" text,
    "Name" text,
    "Description" text,
    "BusinessEntityStatus" integer,
    "DateCreated" timestamp with time zone,
    "DateChanged" timestamp with time zone
);


ALTER TABLE public."WHProducts" OWNER TO postgres;

--
-- Name: WHProducts_Id_seq; Type: SEQUENCE; Schema: public; Owner: postgres
--

ALTER TABLE public."WHProducts" ALTER COLUMN "Id" ADD GENERATED BY DEFAULT AS IDENTITY (
    SEQUENCE NAME public."WHProducts_Id_seq"
    START WITH 1
    INCREMENT BY 1
    NO MINVALUE
    NO MAXVALUE
    CACHE 1
);


--
-- Name: WorkflowInstanceMember; Type: TABLE; Schema: public; Owner: postgres
--

CREATE TABLE public."WorkflowInstanceMember" (
    "Id" bigint NOT NULL,
    "InstanceId" bigint,
    "UserAccountId" bigint,
    "BusinessTaskId" bigint,
    "Uid" text,
    "Name" text,
    "Description" text,
    "BusinessEntityStatus" integer,
    "DateCreated" timestamp with time zone,
    "DateChanged" timestamp with time zone
);


ALTER TABLE public."WorkflowInstanceMember" OWNER TO postgres;

--
-- Name: WorkflowInstanceMember_Id_seq; Type: SEQUENCE; Schema: public; Owner: postgres
--

ALTER TABLE public."WorkflowInstanceMember" ALTER COLUMN "Id" ADD GENERATED BY DEFAULT AS IDENTITY (
    SEQUENCE NAME public."WorkflowInstanceMember_Id_seq"
    START WITH 1
    INCREMENT BY 1
    NO MINVALUE
    NO MAXVALUE
    CACHE 1
);


--
-- Name: WorkflowInstances; Type: TABLE; Schema: public; Owner: postgres
--

CREATE TABLE public."WorkflowInstances" (
    "Id" bigint NOT NULL,
    "BusinessProcessId" bigint NOT NULL,
    "DateEndActual" timestamp with time zone,
    "DateEndExpected" timestamp with time zone,
    "DateStartActual" timestamp with time zone,
    "DateStartExpected" timestamp with time zone,
    "InitiatorId" bigint,
    "IsEmulation" boolean NOT NULL,
    "ParentInstanceId" bigint,
    "Uid" text,
    "Name" text,
    "Description" text,
    "BusinessEntityStatus" integer,
    "DateCreated" timestamp with time zone,
    "DateChanged" timestamp with time zone
);


ALTER TABLE public."WorkflowInstances" OWNER TO postgres;

--
-- Name: WorkflowInstances_Id_seq; Type: SEQUENCE; Schema: public; Owner: postgres
--

ALTER TABLE public."WorkflowInstances" ALTER COLUMN "Id" ADD GENERATED BY DEFAULT AS IDENTITY (
    SEQUENCE NAME public."WorkflowInstances_Id_seq"
    START WITH 1
    INCREMENT BY 1
    NO MINVALUE
    NO MAXVALUE
    CACHE 1
);


--
-- Name: WorkflowTrackingItems; Type: TABLE; Schema: public; Owner: postgres
--

CREATE TABLE public."WorkflowTrackingItems" (
    "Id" bigint NOT NULL,
    "WorkflowInstanceId" bigint NOT NULL,
    "ActiveTaskId" bigint NOT NULL,
    "BDEConnectorId" bigint,
    "DateChanged" timestamp with time zone,
    "CommentId" bigint,
    "Status" integer NOT NULL,
    "Uid" text,
    "Name" text,
    "Description" text,
    "BusinessEntityStatus" integer,
    "DateCreated" timestamp with time zone
);


ALTER TABLE public."WorkflowTrackingItems" OWNER TO postgres;

--
-- Name: WorkflowTrackingItems_Id_seq; Type: SEQUENCE; Schema: public; Owner: postgres
--

ALTER TABLE public."WorkflowTrackingItems" ALTER COLUMN "Id" ADD GENERATED BY DEFAULT AS IDENTITY (
    SEQUENCE NAME public."WorkflowTrackingItems_Id_seq"
    START WITH 1
    INCREMENT BY 1
    NO MINVALUE
    NO MAXVALUE
    CACHE 1
);


--
-- Name: __EFMigrationsHistory; Type: TABLE; Schema: public; Owner: postgres
--

CREATE TABLE public."__EFMigrationsHistory" (
    "MigrationId" character varying(150) NOT NULL,
    "ProductVersion" character varying(32) NOT NULL
);


ALTER TABLE public."__EFMigrationsHistory" OWNER TO postgres;

--
-- Data for Name: BDEConnector; Type: TABLE DATA; Schema: public; Owner: postgres
--



--
-- Data for Name: BPStateEndpointCalls; Type: TABLE DATA; Schema: public; Owner: postgres
--

INSERT INTO public."BPStateEndpointCalls" ("Id", "BusinessProcessStateId", "EndpointCallId", "Uid", "Name", "Description", "BusinessEntityStatus", "DateCreated", "DateChanged") VALUES (1, 1, 5, NULL, NULL, NULL, NULL, NULL, NULL);
INSERT INTO public."BPStateEndpointCalls" ("Id", "BusinessProcessStateId", "EndpointCallId", "Uid", "Name", "Description", "BusinessEntityStatus", "DateCreated", "DateChanged") VALUES (2, 1, 6, NULL, NULL, NULL, NULL, NULL, NULL);
INSERT INTO public."BPStateEndpointCalls" ("Id", "BusinessProcessStateId", "EndpointCallId", "Uid", "Name", "Description", "BusinessEntityStatus", "DateCreated", "DateChanged") VALUES (3, 2, 7, NULL, NULL, NULL, NULL, NULL, NULL);
INSERT INTO public."BPStateEndpointCalls" ("Id", "BusinessProcessStateId", "EndpointCallId", "Uid", "Name", "Description", "BusinessEntityStatus", "DateCreated", "DateChanged") VALUES (4, 5, 8, NULL, NULL, NULL, NULL, NULL, NULL);
INSERT INTO public."BPStateEndpointCalls" ("Id", "BusinessProcessStateId", "EndpointCallId", "Uid", "Name", "Description", "BusinessEntityStatus", "DateCreated", "DateChanged") VALUES (5, 3, 9, NULL, NULL, NULL, NULL, NULL, NULL);
INSERT INTO public."BPStateEndpointCalls" ("Id", "BusinessProcessStateId", "EndpointCallId", "Uid", "Name", "Description", "BusinessEntityStatus", "DateCreated", "DateChanged") VALUES (6, 1, 10, NULL, NULL, NULL, NULL, NULL, NULL);
INSERT INTO public."BPStateEndpointCalls" ("Id", "BusinessProcessStateId", "EndpointCallId", "Uid", "Name", "Description", "BusinessEntityStatus", "DateCreated", "DateChanged") VALUES (7, 1, 11, NULL, NULL, NULL, NULL, NULL, NULL);
INSERT INTO public."BPStateEndpointCalls" ("Id", "BusinessProcessStateId", "EndpointCallId", "Uid", "Name", "Description", "BusinessEntityStatus", "DateCreated", "DateChanged") VALUES (8, 2, 12, NULL, NULL, NULL, NULL, NULL, NULL);
INSERT INTO public."BPStateEndpointCalls" ("Id", "BusinessProcessStateId", "EndpointCallId", "Uid", "Name", "Description", "BusinessEntityStatus", "DateCreated", "DateChanged") VALUES (9, 5, 13, NULL, NULL, NULL, NULL, NULL, NULL);
INSERT INTO public."BPStateEndpointCalls" ("Id", "BusinessProcessStateId", "EndpointCallId", "Uid", "Name", "Description", "BusinessEntityStatus", "DateCreated", "DateChanged") VALUES (10, 3, 14, NULL, NULL, NULL, NULL, NULL, NULL);
INSERT INTO public."BPStateEndpointCalls" ("Id", "BusinessProcessStateId", "EndpointCallId", "Uid", "Name", "Description", "BusinessEntityStatus", "DateCreated", "DateChanged") VALUES (11, 1, 15, NULL, NULL, NULL, NULL, NULL, NULL);
INSERT INTO public."BPStateEndpointCalls" ("Id", "BusinessProcessStateId", "EndpointCallId", "Uid", "Name", "Description", "BusinessEntityStatus", "DateCreated", "DateChanged") VALUES (12, 1, 1, NULL, NULL, NULL, NULL, NULL, NULL);
INSERT INTO public."BPStateEndpointCalls" ("Id", "BusinessProcessStateId", "EndpointCallId", "Uid", "Name", "Description", "BusinessEntityStatus", "DateCreated", "DateChanged") VALUES (13, 2, 2, NULL, NULL, NULL, NULL, NULL, NULL);
INSERT INTO public."BPStateEndpointCalls" ("Id", "BusinessProcessStateId", "EndpointCallId", "Uid", "Name", "Description", "BusinessEntityStatus", "DateCreated", "DateChanged") VALUES (14, 5, 3, NULL, NULL, NULL, NULL, NULL, NULL);
INSERT INTO public."BPStateEndpointCalls" ("Id", "BusinessProcessStateId", "EndpointCallId", "Uid", "Name", "Description", "BusinessEntityStatus", "DateCreated", "DateChanged") VALUES (15, 3, 4, NULL, NULL, NULL, NULL, NULL, NULL);


--
-- Data for Name: BusinessDiagram; Type: TABLE DATA; Schema: public; Owner: postgres
--



--
-- Data for Name: BusinessDiagramElement; Type: TABLE DATA; Schema: public; Owner: postgres
--



--
-- Data for Name: BusinessProcessStateTransitions; Type: TABLE DATA; Schema: public; Owner: postgres
--

INSERT INTO public."BusinessProcessStateTransitions" ("Id", "BusinessProcessId", "FromStateId", "ToStateId", "PreviousId", "EndpointCallId", "DateCreated", "Uid", "Name", "Description", "BusinessEntityStatus", "DateChanged") VALUES (1, 1, 1, 2, NULL, 1, '2024-05-09 01:17:30.209427-07', NULL, NULL, NULL, NULL, NULL);
INSERT INTO public."BusinessProcessStateTransitions" ("Id", "BusinessProcessId", "FromStateId", "ToStateId", "PreviousId", "EndpointCallId", "DateCreated", "Uid", "Name", "Description", "BusinessEntityStatus", "DateChanged") VALUES (2, 1, 2, 5, 1, 2, '2024-05-09 01:17:30.209427-07', NULL, NULL, NULL, NULL, NULL);
INSERT INTO public."BusinessProcessStateTransitions" ("Id", "BusinessProcessId", "FromStateId", "ToStateId", "PreviousId", "EndpointCallId", "DateCreated", "Uid", "Name", "Description", "BusinessEntityStatus", "DateChanged") VALUES (3, 1, 5, 3, 2, 3, '2024-05-09 01:17:30.209427-07', NULL, NULL, NULL, NULL, NULL);
INSERT INTO public."BusinessProcessStateTransitions" ("Id", "BusinessProcessId", "FromStateId", "ToStateId", "PreviousId", "EndpointCallId", "DateCreated", "Uid", "Name", "Description", "BusinessEntityStatus", "DateChanged") VALUES (4, 1, 3, 4, 3, 4, '2024-05-09 01:17:30.209427-07', NULL, NULL, NULL, NULL, NULL);


--
-- Data for Name: BusinessProcessStates; Type: TABLE DATA; Schema: public; Owner: postgres
--

INSERT INTO public."BusinessProcessStates" ("Id", "BusinessProcessId", "DateCreated", "Uid", "Name", "Description", "BusinessEntityStatus", "DateChanged") VALUES (1, 1, '2024-05-09 01:17:30.209427-07', NULL, 'Customer backend', NULL, NULL, NULL);
INSERT INTO public."BusinessProcessStates" ("Id", "BusinessProcessId", "DateCreated", "Uid", "Name", "Description", "BusinessEntityStatus", "DateChanged") VALUES (2, 1, '2024-05-09 01:17:30.209427-07', NULL, 'Warehouse backend (wh2kitchen)', NULL, NULL, NULL);
INSERT INTO public."BusinessProcessStates" ("Id", "BusinessProcessId", "DateCreated", "Uid", "Name", "Description", "BusinessEntityStatus", "DateChanged") VALUES (3, 1, '2024-05-09 01:17:30.209427-07', NULL, 'Warehouse backend (wh2courier)', NULL, NULL, NULL);
INSERT INTO public."BusinessProcessStates" ("Id", "BusinessProcessId", "DateCreated", "Uid", "Name", "Description", "BusinessEntityStatus", "DateChanged") VALUES (4, 1, '2024-05-09 01:17:30.209427-07', NULL, 'Courier backend', NULL, NULL, NULL);
INSERT INTO public."BusinessProcessStates" ("Id", "BusinessProcessId", "DateCreated", "Uid", "Name", "Description", "BusinessEntityStatus", "DateChanged") VALUES (5, 1, '2024-05-09 01:17:30.209427-07', NULL, 'Kitchen backend', NULL, NULL, NULL);
INSERT INTO public."BusinessProcessStates" ("Id", "BusinessProcessId", "DateCreated", "Uid", "Name", "Description", "BusinessEntityStatus", "DateChanged") VALUES (6, 1, '2024-05-09 01:17:30.209427-07', NULL, 'File service', NULL, NULL, NULL);


--
-- Data for Name: BusinessProcesses; Type: TABLE DATA; Schema: public; Owner: postgres
--

INSERT INTO public."BusinessProcesses" ("Id", "DiagramId", "ParentId", "VersionNumber", "DateCreated", "Uid", "Name", "Description", "BusinessEntityStatus", "DateChanged") VALUES (1, NULL, NULL, NULL, '2024-05-09 01:17:30.209427-07', NULL, 'Delivering of the order', NULL, NULL, NULL);


--
-- Data for Name: BusinessTaskDeliveryOrders; Type: TABLE DATA; Schema: public; Owner: postgres
--



--
-- Data for Name: BusinessTasks; Type: TABLE DATA; Schema: public; Owner: postgres
--

INSERT INTO public."BusinessTasks" ("Id", "Subject", "ParentTaskId", "DateEndActual", "DateEndExpected", "DateStartActual", "DateStartExpected", "ExecutorId", "ExecutorIsEmulationId", "ExecutorReplacedId", "Priority", "BusinessProcessStateId", "ExpiredNotificationSent", "IsEmulation", "Status", "Uid", "Name", "Description", "BusinessEntityStatus", "ContactId", "CustomerName", "DeliveryMethodId", "Destination", "Discriminator", "GeneratedOrderQrCode", "OrderNumber", "Origin", "DateCreated", "DateChanged") VALUES (1, '1. CustomerBLController (Workflow instance of BusinessProcess #1 (name: ''Delivering of the order'') - 2024/05/09 08:56:28)', NULL, NULL, NULL, NULL, NULL, NULL, NULL, NULL, 2, NULL, false, false, 0, 'b19ff484-77ed-4324-968a-34a307368e74', 'CustomerBLController', NULL, NULL, NULL, NULL, NULL, NULL, 'BusinessTask', NULL, NULL, NULL, NULL, NULL);
INSERT INTO public."BusinessTasks" ("Id", "Subject", "ParentTaskId", "DateEndActual", "DateEndExpected", "DateStartActual", "DateStartExpected", "ExecutorId", "ExecutorIsEmulationId", "ExecutorReplacedId", "Priority", "BusinessProcessStateId", "ExpiredNotificationSent", "IsEmulation", "Status", "Uid", "Name", "Description", "BusinessEntityStatus", "ContactId", "CustomerName", "DeliveryMethodId", "Destination", "Discriminator", "GeneratedOrderQrCode", "OrderNumber", "Origin", "DateCreated", "DateChanged") VALUES (2, '1. CustomerBLController-WarehouseBLController (Workflow instance of BusinessProcess #1 (name: ''Delivering of the order'') - 2024/05/09 08:56:28)', NULL, NULL, NULL, NULL, NULL, NULL, NULL, NULL, 2, 1, false, false, 0, '4a9e5e5a-fbe3-464c-b94b-f3236b915674', 'CustomerBLController-WarehouseBLController', NULL, NULL, NULL, NULL, NULL, NULL, 'BusinessTask', NULL, NULL, NULL, NULL, NULL);
INSERT INTO public."BusinessTasks" ("Id", "Subject", "ParentTaskId", "DateEndActual", "DateEndExpected", "DateStartActual", "DateStartExpected", "ExecutorId", "ExecutorIsEmulationId", "ExecutorReplacedId", "Priority", "BusinessProcessStateId", "ExpiredNotificationSent", "IsEmulation", "Status", "Uid", "Name", "Description", "BusinessEntityStatus", "ContactId", "CustomerName", "DeliveryMethodId", "Destination", "Discriminator", "GeneratedOrderQrCode", "OrderNumber", "Origin", "DateCreated", "DateChanged") VALUES (3, '2. CustomerBLController (Workflow instance of BusinessProcess #1 (name: ''Delivering of the order'') - 2024/05/10 04:50:30)', NULL, NULL, NULL, NULL, NULL, NULL, NULL, NULL, 2, NULL, false, false, 0, 'bf1abe53-d73b-4364-b203-567fe6b9308c', 'CustomerBLController', NULL, NULL, NULL, NULL, NULL, NULL, 'BusinessTask', NULL, NULL, NULL, NULL, NULL);
INSERT INTO public."BusinessTasks" ("Id", "Subject", "ParentTaskId", "DateEndActual", "DateEndExpected", "DateStartActual", "DateStartExpected", "ExecutorId", "ExecutorIsEmulationId", "ExecutorReplacedId", "Priority", "BusinessProcessStateId", "ExpiredNotificationSent", "IsEmulation", "Status", "Uid", "Name", "Description", "BusinessEntityStatus", "ContactId", "CustomerName", "DeliveryMethodId", "Destination", "Discriminator", "GeneratedOrderQrCode", "OrderNumber", "Origin", "DateCreated", "DateChanged") VALUES (4, '2. CustomerBLController-WarehouseBLController (Workflow instance of BusinessProcess #1 (name: ''Delivering of the order'') - 2024/05/10 04:50:30)', NULL, NULL, NULL, NULL, NULL, NULL, NULL, NULL, 2, 1, false, false, 0, '8c4b6a52-71b3-4332-ac42-3885aa93e08a', 'CustomerBLController-WarehouseBLController', NULL, NULL, NULL, NULL, NULL, NULL, 'BusinessTask', NULL, NULL, NULL, NULL, NULL);
INSERT INTO public."BusinessTasks" ("Id", "Subject", "ParentTaskId", "DateEndActual", "DateEndExpected", "DateStartActual", "DateStartExpected", "ExecutorId", "ExecutorIsEmulationId", "ExecutorReplacedId", "Priority", "BusinessProcessStateId", "ExpiredNotificationSent", "IsEmulation", "Status", "Uid", "Name", "Description", "BusinessEntityStatus", "ContactId", "CustomerName", "DeliveryMethodId", "Destination", "Discriminator", "GeneratedOrderQrCode", "OrderNumber", "Origin", "DateCreated", "DateChanged") VALUES (5, '3. CustomerBLController (Workflow instance of BusinessProcess #1 (name: ''Delivering of the order'') - 2024/05/10 05:59:25)', NULL, NULL, NULL, NULL, NULL, NULL, NULL, NULL, 2, NULL, false, false, 0, 'b869df10-3c64-4e92-bd73-bb2aece1a3a8', 'CustomerBLController', NULL, NULL, NULL, NULL, NULL, NULL, 'BusinessTask', NULL, NULL, NULL, NULL, NULL);
INSERT INTO public."BusinessTasks" ("Id", "Subject", "ParentTaskId", "DateEndActual", "DateEndExpected", "DateStartActual", "DateStartExpected", "ExecutorId", "ExecutorIsEmulationId", "ExecutorReplacedId", "Priority", "BusinessProcessStateId", "ExpiredNotificationSent", "IsEmulation", "Status", "Uid", "Name", "Description", "BusinessEntityStatus", "ContactId", "CustomerName", "DeliveryMethodId", "Destination", "Discriminator", "GeneratedOrderQrCode", "OrderNumber", "Origin", "DateCreated", "DateChanged") VALUES (6, '3. CustomerBLController-WarehouseBLController (Workflow instance of BusinessProcess #1 (name: ''Delivering of the order'') - 2024/05/10 05:59:25)', NULL, NULL, NULL, NULL, NULL, NULL, NULL, NULL, 2, 1, false, false, 0, '27d9e619-aa07-4d5d-b2eb-caea32e6eaf3', 'CustomerBLController-WarehouseBLController', NULL, NULL, NULL, NULL, NULL, NULL, 'BusinessTask', NULL, NULL, NULL, NULL, NULL);
INSERT INTO public."BusinessTasks" ("Id", "Subject", "ParentTaskId", "DateEndActual", "DateEndExpected", "DateStartActual", "DateStartExpected", "ExecutorId", "ExecutorIsEmulationId", "ExecutorReplacedId", "Priority", "BusinessProcessStateId", "ExpiredNotificationSent", "IsEmulation", "Status", "Uid", "Name", "Description", "BusinessEntityStatus", "ContactId", "CustomerName", "DeliveryMethodId", "Destination", "Discriminator", "GeneratedOrderQrCode", "OrderNumber", "Origin", "DateCreated", "DateChanged") VALUES (7, '4. CustomerBLController (Workflow instance of BusinessProcess #1 (name: ''Delivering of the order'') - 2024/05/13 04:44:25)', NULL, NULL, NULL, NULL, NULL, NULL, NULL, NULL, 2, NULL, false, false, 0, '41d997a9-33f2-4127-839b-f5d6cd05f604', 'CustomerBLController', NULL, NULL, NULL, NULL, NULL, NULL, 'BusinessTask', NULL, NULL, NULL, NULL, NULL);
INSERT INTO public."BusinessTasks" ("Id", "Subject", "ParentTaskId", "DateEndActual", "DateEndExpected", "DateStartActual", "DateStartExpected", "ExecutorId", "ExecutorIsEmulationId", "ExecutorReplacedId", "Priority", "BusinessProcessStateId", "ExpiredNotificationSent", "IsEmulation", "Status", "Uid", "Name", "Description", "BusinessEntityStatus", "ContactId", "CustomerName", "DeliveryMethodId", "Destination", "Discriminator", "GeneratedOrderQrCode", "OrderNumber", "Origin", "DateCreated", "DateChanged") VALUES (8, '4. CustomerBLController-WarehouseBLController (Workflow instance of BusinessProcess #1 (name: ''Delivering of the order'') - 2024/05/13 04:44:25)', NULL, NULL, NULL, NULL, NULL, NULL, NULL, NULL, 2, 1, false, false, 0, '1761094b-c656-4860-860c-aeb78e41bb29', 'CustomerBLController-WarehouseBLController', NULL, NULL, NULL, NULL, NULL, NULL, 'BusinessTask', NULL, NULL, NULL, NULL, NULL);


--
-- Data for Name: Comments; Type: TABLE DATA; Schema: public; Owner: postgres
--



--
-- Data for Name: Companies; Type: TABLE DATA; Schema: public; Owner: postgres
--

INSERT INTO public."Companies" ("Id", "RegistrationNumber", "VatNumber", "CrmRoleType", "ContactId", "Address", "ShippingAddress", "HasVatRegistration", "Uid", "Name", "Description", "BusinessEntityStatus", "DateCreated", "DateChanged") VALUES (1, 'RegistrationNumber', 'VatNumber', 3, 6, 'Country1, CountryProvince1, City1, StreetName1, StreetNumber1', 'Country1, CountryProvince1, City1, StreetName1, StreetNumber1', true, '98e703e4-02a8-4f21-b2e8-021a79180b5d', 'Our Company', NULL, NULL, NULL, NULL);


--
-- Data for Name: CompanyContract; Type: TABLE DATA; Schema: public; Owner: postgres
--



--
-- Data for Name: CompanyEmployee; Type: TABLE DATA; Schema: public; Owner: postgres
--

INSERT INTO public."CompanyEmployee" ("CompaniesId", "EmployeesId") VALUES (1, 1);
INSERT INTO public."CompanyEmployee" ("CompaniesId", "EmployeesId") VALUES (1, 2);
INSERT INTO public."CompanyEmployee" ("CompaniesId", "EmployeesId") VALUES (1, 3);
INSERT INTO public."CompanyEmployee" ("CompaniesId", "EmployeesId") VALUES (1, 4);
INSERT INTO public."CompanyEmployee" ("CompaniesId", "EmployeesId") VALUES (1, 5);
INSERT INTO public."CompanyEmployee" ("CompaniesId", "EmployeesId") VALUES (1, 6);
INSERT INTO public."CompanyEmployee" ("CompaniesId", "EmployeesId") VALUES (1, 7);
INSERT INTO public."CompanyEmployee" ("CompaniesId", "EmployeesId") VALUES (1, 8);
INSERT INTO public."CompanyEmployee" ("CompaniesId", "EmployeesId") VALUES (1, 9);
INSERT INTO public."CompanyEmployee" ("CompaniesId", "EmployeesId") VALUES (1, 10);
INSERT INTO public."CompanyEmployee" ("CompaniesId", "EmployeesId") VALUES (1, 11);
INSERT INTO public."CompanyEmployee" ("CompaniesId", "EmployeesId") VALUES (1, 12);
INSERT INTO public."CompanyEmployee" ("CompaniesId", "EmployeesId") VALUES (1, 13);
INSERT INTO public."CompanyEmployee" ("CompaniesId", "EmployeesId") VALUES (1, 14);
INSERT INTO public."CompanyEmployee" ("CompaniesId", "EmployeesId") VALUES (1, 15);
INSERT INTO public."CompanyEmployee" ("CompaniesId", "EmployeesId") VALUES (1, 16);
INSERT INTO public."CompanyEmployee" ("CompaniesId", "EmployeesId") VALUES (1, 17);
INSERT INTO public."CompanyEmployee" ("CompaniesId", "EmployeesId") VALUES (1, 18);
INSERT INTO public."CompanyEmployee" ("CompaniesId", "EmployeesId") VALUES (1, 19);
INSERT INTO public."CompanyEmployee" ("CompaniesId", "EmployeesId") VALUES (1, 20);


--
-- Data for Name: Contacts; Type: TABLE DATA; Schema: public; Owner: postgres
--

INSERT INTO public."Contacts" ("Id", "MobilePhone", "HomePhone", "WorkPhone", "OfficePhone", "Email", "OfficeEmail", "Uid", "Name", "Description", "BusinessEntityStatus", "DateCreated", "DateChanged") VALUES (1, 'MobilePhoneCustomer #1', NULL, NULL, NULL, NULL, NULL, 'df62cfa8-0ca6-4616-bdbc-0cd2b3ad3e71', NULL, NULL, NULL, NULL, NULL);
INSERT INTO public."Contacts" ("Id", "MobilePhone", "HomePhone", "WorkPhone", "OfficePhone", "Email", "OfficeEmail", "Uid", "Name", "Description", "BusinessEntityStatus", "DateCreated", "DateChanged") VALUES (2, 'MobilePhoneCustomer #2', NULL, NULL, NULL, NULL, NULL, 'd52e255a-90e2-49dd-8258-374cfaf76a2c', NULL, NULL, NULL, NULL, NULL);
INSERT INTO public."Contacts" ("Id", "MobilePhone", "HomePhone", "WorkPhone", "OfficePhone", "Email", "OfficeEmail", "Uid", "Name", "Description", "BusinessEntityStatus", "DateCreated", "DateChanged") VALUES (3, 'MobilePhoneCustomer #3', NULL, NULL, NULL, NULL, NULL, '2d44e16a-643b-43a0-aea6-9f014664a453', NULL, NULL, NULL, NULL, NULL);
INSERT INTO public."Contacts" ("Id", "MobilePhone", "HomePhone", "WorkPhone", "OfficePhone", "Email", "OfficeEmail", "Uid", "Name", "Description", "BusinessEntityStatus", "DateCreated", "DateChanged") VALUES (4, 'MobilePhoneCustomer #4', NULL, NULL, NULL, NULL, NULL, '14be0fa8-af99-4c33-b5c0-b92111797c1a', NULL, NULL, NULL, NULL, NULL);
INSERT INTO public."Contacts" ("Id", "MobilePhone", "HomePhone", "WorkPhone", "OfficePhone", "Email", "OfficeEmail", "Uid", "Name", "Description", "BusinessEntityStatus", "DateCreated", "DateChanged") VALUES (5, 'MobilePhoneCustomer #5', NULL, NULL, NULL, NULL, NULL, '85266879-2a58-4183-8348-8a478cf998cf', NULL, NULL, NULL, NULL, NULL);
INSERT INTO public."Contacts" ("Id", "MobilePhone", "HomePhone", "WorkPhone", "OfficePhone", "Email", "OfficeEmail", "Uid", "Name", "Description", "BusinessEntityStatus", "DateCreated", "DateChanged") VALUES (6, NULL, NULL, 'WorkPhoneCompany #1', 'OfficePhoneCompany #1', 'EmailCompany #1', NULL, '49a6e59d-95f8-4a2e-8337-c9f0f3aef262', NULL, NULL, NULL, NULL, NULL);


--
-- Data for Name: Contract; Type: TABLE DATA; Schema: public; Owner: postgres
--



--
-- Data for Name: ContractCustomer; Type: TABLE DATA; Schema: public; Owner: postgres
--



--
-- Data for Name: ContractEmployee; Type: TABLE DATA; Schema: public; Owner: postgres
--



--
-- Data for Name: ContractOrganization; Type: TABLE DATA; Schema: public; Owner: postgres
--



--
-- Data for Name: Customers; Type: TABLE DATA; Schema: public; Owner: postgres
--

INSERT INTO public."Customers" ("Id", "FirstName", "MiddleName", "LastName", "FullName", "CrmRoleType", "ContactId", "UserAccountId", "CompanyId", "Uid", "Name", "Description", "BusinessEntityStatus", "DateCreated", "DateChanged") VALUES (1, 'FirstName36', 'MiddleName36', 'LastName36', 'LastName36, FirstName36 MiddleName36', 0, 1, 36, NULL, '635215aa-53ac-4dd6-b034-3fe015705342', NULL, NULL, NULL, NULL, NULL);
INSERT INTO public."Customers" ("Id", "FirstName", "MiddleName", "LastName", "FullName", "CrmRoleType", "ContactId", "UserAccountId", "CompanyId", "Uid", "Name", "Description", "BusinessEntityStatus", "DateCreated", "DateChanged") VALUES (2, 'FirstName42', 'MiddleName42', 'LastName42', 'LastName42, FirstName42 MiddleName42', 0, 2, 42, NULL, '015dafe0-1429-4826-b3cc-fe1036dd51b8', NULL, NULL, NULL, NULL, NULL);
INSERT INTO public."Customers" ("Id", "FirstName", "MiddleName", "LastName", "FullName", "CrmRoleType", "ContactId", "UserAccountId", "CompanyId", "Uid", "Name", "Description", "BusinessEntityStatus", "DateCreated", "DateChanged") VALUES (3, 'FirstName48', 'MiddleName48', 'LastName48', 'LastName48, FirstName48 MiddleName48', 0, 3, 48, NULL, 'bb850ab7-a4a5-47f8-b5d6-c625a549abe2', NULL, NULL, NULL, NULL, NULL);
INSERT INTO public."Customers" ("Id", "FirstName", "MiddleName", "LastName", "FullName", "CrmRoleType", "ContactId", "UserAccountId", "CompanyId", "Uid", "Name", "Description", "BusinessEntityStatus", "DateCreated", "DateChanged") VALUES (4, 'FirstName54', 'MiddleName54', 'LastName54', 'LastName54, FirstName54 MiddleName54', 0, 4, 54, NULL, '68f696e8-a49a-41f1-b22f-6856e16ddb9a', NULL, NULL, NULL, NULL, NULL);
INSERT INTO public."Customers" ("Id", "FirstName", "MiddleName", "LastName", "FullName", "CrmRoleType", "ContactId", "UserAccountId", "CompanyId", "Uid", "Name", "Description", "BusinessEntityStatus", "DateCreated", "DateChanged") VALUES (5, 'FirstName60', 'MiddleName60', 'LastName60', 'LastName60, FirstName60 MiddleName60', 0, 5, 60, NULL, '015ff1d8-0e61-44ae-a575-a885fff171eb', NULL, NULL, NULL, NULL, NULL);


--
-- Data for Name: DbgLogs; Type: TABLE DATA; Schema: public; Owner: postgres
--

INSERT INTO public."DbgLogs" ("Id", "SourceName", "SourceDetails", "SourceStatus", "DateCreated", "DateChanged") VALUES (1, 'CustomerBLController.MoveWorkflowInstanceNext', 'started', NULL, '2024-05-09 01:54:47.9667-07', '2024-05-09 01:54:47.966772-07');
INSERT INTO public."DbgLogs" ("Id", "SourceName", "SourceDetails", "SourceStatus", "DateCreated", "DateChanged") VALUES (2, 'CustomerBLController.MoveWorkflowInstanceNext', 'System.Exception: The product with the specified ID does not exist in the database: 1
   at VelocipedeUtils.Examples.Delivering.ServiceInteraction.BL.DAL.BusinessProcessDAL.SaveInitialOrder(InitialOrder initialOrder) in C:\Users\User\Documents\proj\velocipede-utils\examples\Delivering\ServiceInteraction\BL\DAL\BusinessProcessDAL.cs:line 320
   at VelocipedeUtils.ServiceDiscoveryBpm.ServiceRegistry.EsbServiceRegistry.SaveInitialOrder(InitialOrder initialOrder) in C:\Users\User\Documents\proj\velocipede-utils\src\ServiceDiscoveryBpm\ServiceRegistry\EsbServiceRegistry.cs:line 230
   at VelocipedeUtils.Examples.Delivering.ServiceInteraction.BL.Controllers.CustomerBLController.MoveWorkflowInstanceNext(PipeDelegateParams parameters) in C:\Users\User\Documents\proj\velocipede-utils\examples\Delivering\ServiceInteraction\BL\Controllers\CustomerBLController.cs:line 50', NULL, '2024-05-09 01:54:48.563984-07', '2024-05-09 01:54:48.563985-07');
INSERT INTO public."DbgLogs" ("Id", "SourceName", "SourceDetails", "SourceStatus", "DateCreated", "DateChanged") VALUES (3, 'CustomerBLController.MoveWorkflowInstanceNext', 'finished', NULL, '2024-05-09 01:54:48.573989-07', '2024-05-09 01:54:48.57399-07');
INSERT INTO public."DbgLogs" ("Id", "SourceName", "SourceDetails", "SourceStatus", "DateCreated", "DateChanged") VALUES (4, 'CustomerBLController.MoveWorkflowInstanceNext', 'started', NULL, '2024-05-09 01:56:27.37936-07', '2024-05-09 01:56:27.379361-07');
INSERT INTO public."DbgLogs" ("Id", "SourceName", "SourceDetails", "SourceStatus", "DateCreated", "DateChanged") VALUES (5, 'FileService.ProcessCustomerControllerBL', 'started', NULL, '2024-05-09 01:56:28.376769-07', '2024-05-09 01:56:28.37677-07');
INSERT INTO public."DbgLogs" ("Id", "SourceName", "SourceDetails", "SourceStatus", "DateCreated", "DateChanged") VALUES (6, 'FileService.ProcessCustomerControllerBL', 'finished', NULL, '2024-05-09 01:56:28.38124-07', '2024-05-09 01:56:28.381242-07');
INSERT INTO public."DbgLogs" ("Id", "SourceName", "SourceDetails", "SourceStatus", "DateCreated", "DateChanged") VALUES (7, 'CustomerBLController.MoveWorkflowInstanceNext', 'finished', NULL, '2024-05-09 01:56:28.46575-07', '2024-05-09 01:56:28.465751-07');
INSERT INTO public."DbgLogs" ("Id", "SourceName", "SourceDetails", "SourceStatus", "DateCreated", "DateChanged") VALUES (8, 'CustomerBLController.MoveWorkflowInstanceNext', 'started', NULL, '2024-05-09 21:50:29.870553-07', '2024-05-09 21:50:29.870625-07');
INSERT INTO public."DbgLogs" ("Id", "SourceName", "SourceDetails", "SourceStatus", "DateCreated", "DateChanged") VALUES (9, 'FileService.ProcessCustomerControllerBL', 'started', NULL, '2024-05-09 21:50:31.284981-07', '2024-05-09 21:50:31.284982-07');
INSERT INTO public."DbgLogs" ("Id", "SourceName", "SourceDetails", "SourceStatus", "DateCreated", "DateChanged") VALUES (10, 'FileService.ProcessCustomerControllerBL', 'finished', NULL, '2024-05-09 21:50:31.289832-07', '2024-05-09 21:50:31.289833-07');
INSERT INTO public."DbgLogs" ("Id", "SourceName", "SourceDetails", "SourceStatus", "DateCreated", "DateChanged") VALUES (11, 'CustomerBLController.MoveWorkflowInstanceNext', 'finished', NULL, '2024-05-09 21:50:31.381032-07', '2024-05-09 21:50:31.381034-07');
INSERT INTO public."DbgLogs" ("Id", "SourceName", "SourceDetails", "SourceStatus", "DateCreated", "DateChanged") VALUES (12, 'CustomerBLController.MoveWorkflowInstanceNext', 'started', NULL, '2024-05-09 22:58:58.76625-07', '2024-05-09 22:58:58.766326-07');
INSERT INTO public."DbgLogs" ("Id", "SourceName", "SourceDetails", "SourceStatus", "DateCreated", "DateChanged") VALUES (13, 'CustomerBLController.MoveWorkflowInstanceNext', 'System.Exception: Payment amount should be consistent (given: ''159'', re-calculated: ''158.0'')
   at VelocipedeUtils.Examples.Delivering.ServiceInteraction.BL.DAL.BusinessProcessDAL.SaveInitialOrder(InitialOrder initialOrder) in C:\Users\User\Documents\proj\velocipede-utils\examples\Delivering\ServiceInteraction\BL\DAL\BusinessProcessDAL.cs:line 351
   at VelocipedeUtils.ServiceDiscoveryBpm.ServiceRegistry.EsbServiceRegistry.SaveInitialOrder(InitialOrder initialOrder) in C:\Users\User\Documents\proj\velocipede-utils\src\ServiceDiscoveryBpm\ServiceRegistry\EsbServiceRegistry.cs:line 230
   at VelocipedeUtils.Examples.Delivering.ServiceInteraction.BL.Controllers.CustomerBLController.MoveWorkflowInstanceNext(PipeDelegateParams parameters) in C:\Users\User\Documents\proj\velocipede-utils\examples\Delivering\ServiceInteraction\BL\Controllers\CustomerBLController.cs:line 49', NULL, '2024-05-09 22:58:59.921745-07', '2024-05-09 22:58:59.921746-07');
INSERT INTO public."DbgLogs" ("Id", "SourceName", "SourceDetails", "SourceStatus", "DateCreated", "DateChanged") VALUES (14, 'CustomerBLController.MoveWorkflowInstanceNext', 'started', NULL, '2024-05-09 22:59:25.377649-07', '2024-05-09 22:59:25.37765-07');
INSERT INTO public."DbgLogs" ("Id", "SourceName", "SourceDetails", "SourceStatus", "DateCreated", "DateChanged") VALUES (15, 'FileService.ProcessCustomerControllerBL', 'started', NULL, '2024-05-09 22:59:26.194082-07', '2024-05-09 22:59:26.194083-07');
INSERT INTO public."DbgLogs" ("Id", "SourceName", "SourceDetails", "SourceStatus", "DateCreated", "DateChanged") VALUES (16, 'FileService.ProcessCustomerControllerBL', 'finished', NULL, '2024-05-09 22:59:26.197435-07', '2024-05-09 22:59:26.197436-07');
INSERT INTO public."DbgLogs" ("Id", "SourceName", "SourceDetails", "SourceStatus", "DateCreated", "DateChanged") VALUES (17, 'CustomerBLController.MoveWorkflowInstanceNext', 'finished', NULL, '2024-05-09 22:59:26.287164-07', '2024-05-09 22:59:26.287165-07');
INSERT INTO public."DbgLogs" ("Id", "SourceName", "SourceDetails", "SourceStatus", "DateCreated", "DateChanged") VALUES (18, 'CustomerBLController.MoveWorkflowInstanceNext', 'started', NULL, '2024-05-12 21:44:23.674289-07', '2024-05-12 21:44:23.674367-07');
INSERT INTO public."DbgLogs" ("Id", "SourceName", "SourceDetails", "SourceStatus", "DateCreated", "DateChanged") VALUES (19, 'FileService.ProcessCustomerControllerBL', 'started', NULL, '2024-05-12 21:44:28.103304-07', '2024-05-12 21:44:28.103306-07');
INSERT INTO public."DbgLogs" ("Id", "SourceName", "SourceDetails", "SourceStatus", "DateCreated", "DateChanged") VALUES (20, 'FileService.ProcessCustomerControllerBL', 'finished', NULL, '2024-05-12 21:44:28.121033-07', '2024-05-12 21:44:28.121034-07');
INSERT INTO public."DbgLogs" ("Id", "SourceName", "SourceDetails", "SourceStatus", "DateCreated", "DateChanged") VALUES (21, 'CustomerBLController.MoveWorkflowInstanceNext', 'finished', NULL, '2024-05-12 21:44:28.395631-07', '2024-05-12 21:44:28.395634-07');
INSERT INTO public."DbgLogs" ("Id", "SourceName", "SourceDetails", "SourceStatus", "DateCreated", "DateChanged") VALUES (22, 'CustomerBLController.MoveWorkflowInstanceNext', 'started', NULL, '2024-10-12 21:53:42.637696-07', '2024-10-12 21:53:42.637758-07');
INSERT INTO public."DbgLogs" ("Id", "SourceName", "SourceDetails", "SourceStatus", "DateCreated", "DateChanged") VALUES (23, 'CustomerBLController.MoveWorkflowInstanceNext', 'System.Exception: Initial order could not be null
   at VelocipedeUtils.Examples.Delivering.ServiceInteraction.BL.Controllers.CustomerBLController.MoveWorkflowInstanceNext(PipeDelegateParams parameters) in C:\Users\User\Documents\proj\velocipede-utils\examples\Devilering.ServiceInteraction\BL\Controllers\CustomerBLController.cs:line 52', NULL, '2024-10-12 21:53:42.972703-07', '2024-10-12 21:53:42.972704-07');


--
-- Data for Name: DeliveryMethods; Type: TABLE DATA; Schema: public; Owner: postgres
--



--
-- Data for Name: DeliveryOrderProducts; Type: TABLE DATA; Schema: public; Owner: postgres
--



--
-- Data for Name: EmployeeOrganizationItem; Type: TABLE DATA; Schema: public; Owner: postgres
--



--
-- Data for Name: Employees; Type: TABLE DATA; Schema: public; Owner: postgres
--

INSERT INTO public."Employees" ("Id", "FirstName", "MiddleName", "LastName", "FullName", "MobilePhone", "WorkPhone", "Skype", "ICQ", "BirthDate", "EmployDate", "ReplacementMode", "AuthProviderType", "Locale", "Uid", "Name", "Description", "BusinessEntityStatus", "DateCreated", "DateChanged", "Gender") VALUES (1, 'FirstName31', 'MiddleName31', 'LastName31', 'FirstName31 MiddleName31 LastName31', 'MobilePhone31', 'WorkPhone31', NULL, NULL, '1990-06-10 11:00:00-07', '2018-02-13 11:00:00-08', 0, 0, NULL, 'dabc3d0b-8379-4307-9c5d-8e752eedfc5f', NULL, NULL, NULL, NULL, NULL, NULL);
INSERT INTO public."Employees" ("Id", "FirstName", "MiddleName", "LastName", "FullName", "MobilePhone", "WorkPhone", "Skype", "ICQ", "BirthDate", "EmployDate", "ReplacementMode", "AuthProviderType", "Locale", "Uid", "Name", "Description", "BusinessEntityStatus", "DateCreated", "DateChanged", "Gender") VALUES (2, 'FirstName37', 'MiddleName37', 'LastName37', 'FirstName37 MiddleName37 LastName37', 'MobilePhone37', 'WorkPhone37', NULL, NULL, '2001-08-14 11:00:00-07', '2021-07-09 12:00:00-07', 0, 0, NULL, '83166864-af3c-4992-a0ea-2fa0076e167f', NULL, NULL, NULL, NULL, NULL, NULL);
INSERT INTO public."Employees" ("Id", "FirstName", "MiddleName", "LastName", "FullName", "MobilePhone", "WorkPhone", "Skype", "ICQ", "BirthDate", "EmployDate", "ReplacementMode", "AuthProviderType", "Locale", "Uid", "Name", "Description", "BusinessEntityStatus", "DateCreated", "DateChanged", "Gender") VALUES (3, 'FirstName43', 'MiddleName43', 'LastName43', 'FirstName43 MiddleName43 LastName43', 'MobilePhone43', 'WorkPhone43', NULL, NULL, '2003-08-03 11:00:00-07', '2021-11-30 11:00:00-08', 0, 0, NULL, 'c82de0c2-34f8-49a3-9aa7-c9940b44c549', NULL, NULL, NULL, NULL, NULL, NULL);
INSERT INTO public."Employees" ("Id", "FirstName", "MiddleName", "LastName", "FullName", "MobilePhone", "WorkPhone", "Skype", "ICQ", "BirthDate", "EmployDate", "ReplacementMode", "AuthProviderType", "Locale", "Uid", "Name", "Description", "BusinessEntityStatus", "DateCreated", "DateChanged", "Gender") VALUES (4, 'FirstName49', 'MiddleName49', 'LastName49', 'FirstName49 MiddleName49 LastName49', 'MobilePhone49', 'WorkPhone49', NULL, NULL, '1998-01-07 11:00:00-08', '2022-04-16 12:00:00-07', 0, 0, NULL, '1f7f45e2-19fa-4eca-bb3f-0d6eadb293bf', NULL, NULL, NULL, NULL, NULL, NULL);
INSERT INTO public."Employees" ("Id", "FirstName", "MiddleName", "LastName", "FullName", "MobilePhone", "WorkPhone", "Skype", "ICQ", "BirthDate", "EmployDate", "ReplacementMode", "AuthProviderType", "Locale", "Uid", "Name", "Description", "BusinessEntityStatus", "DateCreated", "DateChanged", "Gender") VALUES (5, 'FirstName55', 'MiddleName55', 'LastName55', 'FirstName55 MiddleName55 LastName55', 'MobilePhone55', 'WorkPhone55', NULL, NULL, '1990-02-24 11:00:00-08', '2022-09-05 12:00:00-07', 0, 0, NULL, '2ecb5fb6-d3e7-440d-9997-3dbe86744d6f', NULL, NULL, NULL, NULL, NULL, NULL);
INSERT INTO public."Employees" ("Id", "FirstName", "MiddleName", "LastName", "FullName", "MobilePhone", "WorkPhone", "Skype", "ICQ", "BirthDate", "EmployDate", "ReplacementMode", "AuthProviderType", "Locale", "Uid", "Name", "Description", "BusinessEntityStatus", "DateCreated", "DateChanged", "Gender") VALUES (6, 'FirstName32', 'MiddleName32', 'LastName32', 'FirstName32 MiddleName32 LastName32', 'MobilePhone32', 'WorkPhone32', NULL, NULL, '1997-07-02 11:00:00-07', '2018-10-09 12:00:00-07', 0, 0, NULL, 'a8fd87c4-8d32-48fd-a004-78e46e804692', NULL, NULL, NULL, NULL, NULL, NULL);
INSERT INTO public."Employees" ("Id", "FirstName", "MiddleName", "LastName", "FullName", "MobilePhone", "WorkPhone", "Skype", "ICQ", "BirthDate", "EmployDate", "ReplacementMode", "AuthProviderType", "Locale", "Uid", "Name", "Description", "BusinessEntityStatus", "DateCreated", "DateChanged", "Gender") VALUES (7, 'FirstName38', 'MiddleName38', 'LastName38', 'FirstName38 MiddleName38 LastName38', 'MobilePhone38', 'WorkPhone38', NULL, NULL, '1988-06-26 11:00:00-07', '2022-03-19 12:00:00-07', 0, 0, NULL, 'fdea5558-f15e-4ccc-a0f3-62f88d9a95e9', NULL, NULL, NULL, NULL, NULL, NULL);
INSERT INTO public."Employees" ("Id", "FirstName", "MiddleName", "LastName", "FullName", "MobilePhone", "WorkPhone", "Skype", "ICQ", "BirthDate", "EmployDate", "ReplacementMode", "AuthProviderType", "Locale", "Uid", "Name", "Description", "BusinessEntityStatus", "DateCreated", "DateChanged", "Gender") VALUES (8, 'FirstName44', 'MiddleName44', 'LastName44', 'FirstName44 MiddleName44 LastName44', 'MobilePhone44', 'WorkPhone44', NULL, NULL, '1990-06-08 11:00:00-07', '2019-11-26 11:00:00-08', 0, 0, NULL, 'd0e7480d-56d3-40e7-a269-fb1e360c1ab9', NULL, NULL, NULL, NULL, NULL, NULL);
INSERT INTO public."Employees" ("Id", "FirstName", "MiddleName", "LastName", "FullName", "MobilePhone", "WorkPhone", "Skype", "ICQ", "BirthDate", "EmployDate", "ReplacementMode", "AuthProviderType", "Locale", "Uid", "Name", "Description", "BusinessEntityStatus", "DateCreated", "DateChanged", "Gender") VALUES (9, 'FirstName50', 'MiddleName50', 'LastName50', 'FirstName50 MiddleName50 LastName50', 'MobilePhone50', 'WorkPhone50', NULL, NULL, '1985-07-14 11:00:00-07', '2021-06-06 12:00:00-07', 0, 0, NULL, 'e95f550f-78b5-4e79-ad01-de662bdf9cc7', NULL, NULL, NULL, NULL, NULL, NULL);
INSERT INTO public."Employees" ("Id", "FirstName", "MiddleName", "LastName", "FullName", "MobilePhone", "WorkPhone", "Skype", "ICQ", "BirthDate", "EmployDate", "ReplacementMode", "AuthProviderType", "Locale", "Uid", "Name", "Description", "BusinessEntityStatus", "DateCreated", "DateChanged", "Gender") VALUES (10, 'FirstName56', 'MiddleName56', 'LastName56', 'FirstName56 MiddleName56 LastName56', 'MobilePhone56', 'WorkPhone56', NULL, NULL, '2001-06-25 11:00:00-07', '2018-03-11 12:00:00-07', 0, 0, NULL, '602a4942-0e30-4408-bd44-0cae9816d2dd', NULL, NULL, NULL, NULL, NULL, NULL);
INSERT INTO public."Employees" ("Id", "FirstName", "MiddleName", "LastName", "FullName", "MobilePhone", "WorkPhone", "Skype", "ICQ", "BirthDate", "EmployDate", "ReplacementMode", "AuthProviderType", "Locale", "Uid", "Name", "Description", "BusinessEntityStatus", "DateCreated", "DateChanged", "Gender") VALUES (11, 'FirstName33', 'MiddleName33', 'LastName33', 'FirstName33 MiddleName33 LastName33', 'MobilePhone33', 'WorkPhone33', NULL, NULL, '1997-12-20 11:00:00-08', '2022-03-04 11:00:00-08', 0, 0, NULL, 'cdded164-3b22-4202-ac37-845e32603983', NULL, NULL, NULL, NULL, NULL, NULL);
INSERT INTO public."Employees" ("Id", "FirstName", "MiddleName", "LastName", "FullName", "MobilePhone", "WorkPhone", "Skype", "ICQ", "BirthDate", "EmployDate", "ReplacementMode", "AuthProviderType", "Locale", "Uid", "Name", "Description", "BusinessEntityStatus", "DateCreated", "DateChanged", "Gender") VALUES (12, 'FirstName39', 'MiddleName39', 'LastName39', 'FirstName39 MiddleName39 LastName39', 'MobilePhone39', 'WorkPhone39', NULL, NULL, '1992-08-04 11:00:00-07', '2022-02-12 11:00:00-08', 0, 0, NULL, 'f0a59420-3301-473f-8533-8b5b211d90de', NULL, NULL, NULL, NULL, NULL, NULL);
INSERT INTO public."Employees" ("Id", "FirstName", "MiddleName", "LastName", "FullName", "MobilePhone", "WorkPhone", "Skype", "ICQ", "BirthDate", "EmployDate", "ReplacementMode", "AuthProviderType", "Locale", "Uid", "Name", "Description", "BusinessEntityStatus", "DateCreated", "DateChanged", "Gender") VALUES (13, 'FirstName45', 'MiddleName45', 'LastName45', 'FirstName45 MiddleName45 LastName45', 'MobilePhone45', 'WorkPhone45', NULL, NULL, '2001-05-13 11:00:00-07', '2019-06-13 12:00:00-07', 0, 0, NULL, '623945a5-42cc-406d-bce2-9f29dec475ac', NULL, NULL, NULL, NULL, NULL, NULL);
INSERT INTO public."Employees" ("Id", "FirstName", "MiddleName", "LastName", "FullName", "MobilePhone", "WorkPhone", "Skype", "ICQ", "BirthDate", "EmployDate", "ReplacementMode", "AuthProviderType", "Locale", "Uid", "Name", "Description", "BusinessEntityStatus", "DateCreated", "DateChanged", "Gender") VALUES (14, 'FirstName51', 'MiddleName51', 'LastName51', 'FirstName51 MiddleName51 LastName51', 'MobilePhone51', 'WorkPhone51', NULL, NULL, '1992-04-18 11:00:00-07', '2019-05-21 12:00:00-07', 0, 0, NULL, 'dd258357-c54c-4b06-9332-9633ef7e7be1', NULL, NULL, NULL, NULL, NULL, NULL);
INSERT INTO public."Employees" ("Id", "FirstName", "MiddleName", "LastName", "FullName", "MobilePhone", "WorkPhone", "Skype", "ICQ", "BirthDate", "EmployDate", "ReplacementMode", "AuthProviderType", "Locale", "Uid", "Name", "Description", "BusinessEntityStatus", "DateCreated", "DateChanged", "Gender") VALUES (15, 'FirstName57', 'MiddleName57', 'LastName57', 'FirstName57 MiddleName57 LastName57', 'MobilePhone57', 'WorkPhone57', NULL, NULL, '1981-10-03 11:00:00-07', '2018-11-07 11:00:00-08', 0, 0, NULL, '600ef532-77d5-4356-926e-5e846360cba6', NULL, NULL, NULL, NULL, NULL, NULL);
INSERT INTO public."Employees" ("Id", "FirstName", "MiddleName", "LastName", "FullName", "MobilePhone", "WorkPhone", "Skype", "ICQ", "BirthDate", "EmployDate", "ReplacementMode", "AuthProviderType", "Locale", "Uid", "Name", "Description", "BusinessEntityStatus", "DateCreated", "DateChanged", "Gender") VALUES (16, 'FirstName34', 'MiddleName34', 'LastName34', 'FirstName34 MiddleName34 LastName34', 'MobilePhone34', 'WorkPhone34', NULL, NULL, '1993-03-04 11:00:00-08', '2018-07-05 12:00:00-07', 0, 0, NULL, 'dcfcc501-cae6-4413-944a-51b8a5ebb6b4', NULL, NULL, NULL, NULL, NULL, NULL);
INSERT INTO public."Employees" ("Id", "FirstName", "MiddleName", "LastName", "FullName", "MobilePhone", "WorkPhone", "Skype", "ICQ", "BirthDate", "EmployDate", "ReplacementMode", "AuthProviderType", "Locale", "Uid", "Name", "Description", "BusinessEntityStatus", "DateCreated", "DateChanged", "Gender") VALUES (17, 'FirstName40', 'MiddleName40', 'LastName40', 'FirstName40 MiddleName40 LastName40', 'MobilePhone40', 'WorkPhone40', NULL, NULL, '1981-03-08 11:00:00-08', '2020-12-04 11:00:00-08', 0, 0, NULL, 'db52b90f-6eaa-4be6-b927-fe2cddacfbbe', NULL, NULL, NULL, NULL, NULL, NULL);
INSERT INTO public."Employees" ("Id", "FirstName", "MiddleName", "LastName", "FullName", "MobilePhone", "WorkPhone", "Skype", "ICQ", "BirthDate", "EmployDate", "ReplacementMode", "AuthProviderType", "Locale", "Uid", "Name", "Description", "BusinessEntityStatus", "DateCreated", "DateChanged", "Gender") VALUES (18, 'FirstName46', 'MiddleName46', 'LastName46', 'FirstName46 MiddleName46 LastName46', 'MobilePhone46', 'WorkPhone46', NULL, NULL, '1984-08-07 11:00:00-07', '2022-01-07 11:00:00-08', 0, 0, NULL, '4ebeab93-e0aa-4ac9-962a-efb63d743e07', NULL, NULL, NULL, NULL, NULL, NULL);
INSERT INTO public."Employees" ("Id", "FirstName", "MiddleName", "LastName", "FullName", "MobilePhone", "WorkPhone", "Skype", "ICQ", "BirthDate", "EmployDate", "ReplacementMode", "AuthProviderType", "Locale", "Uid", "Name", "Description", "BusinessEntityStatus", "DateCreated", "DateChanged", "Gender") VALUES (19, 'FirstName52', 'MiddleName52', 'LastName52', 'FirstName52 MiddleName52 LastName52', 'MobilePhone52', 'WorkPhone52', NULL, NULL, '1986-02-18 11:00:00-08', '2022-02-09 11:00:00-08', 0, 0, NULL, '38db88a8-22d5-49a9-81ed-39d678693edc', NULL, NULL, NULL, NULL, NULL, NULL);
INSERT INTO public."Employees" ("Id", "FirstName", "MiddleName", "LastName", "FullName", "MobilePhone", "WorkPhone", "Skype", "ICQ", "BirthDate", "EmployDate", "ReplacementMode", "AuthProviderType", "Locale", "Uid", "Name", "Description", "BusinessEntityStatus", "DateCreated", "DateChanged", "Gender") VALUES (20, 'FirstName58', 'MiddleName58', 'LastName58', 'FirstName58 MiddleName58 LastName58', 'MobilePhone58', 'WorkPhone58', NULL, NULL, '1994-05-01 11:00:00-07', '2020-12-05 11:00:00-08', 0, 0, NULL, '59e83298-b725-4f86-85ab-c074bb296a8c', NULL, NULL, NULL, NULL, NULL, NULL);


--
-- Data for Name: EndpointCalls; Type: TABLE DATA; Schema: public; Owner: postgres
--

INSERT INTO public."EndpointCalls" ("Id", "EndpointFromId", "EndpointToId", "EndpointTypeFromId", "EndpointTypeToId", "EndpointCallType", "ApiMethodName", "MessageBrokerType", "QueueName", "TimeoutLimit", "AttemptsLimit") VALUES (1, NULL, NULL, 1, 2, 2, NULL, NULL, NULL, NULL, NULL);
INSERT INTO public."EndpointCalls" ("Id", "EndpointFromId", "EndpointToId", "EndpointTypeFromId", "EndpointTypeToId", "EndpointCallType", "ApiMethodName", "MessageBrokerType", "QueueName", "TimeoutLimit", "AttemptsLimit") VALUES (2, NULL, NULL, 2, 3, 2, NULL, NULL, NULL, NULL, NULL);
INSERT INTO public."EndpointCalls" ("Id", "EndpointFromId", "EndpointToId", "EndpointTypeFromId", "EndpointTypeToId", "EndpointCallType", "ApiMethodName", "MessageBrokerType", "QueueName", "TimeoutLimit", "AttemptsLimit") VALUES (3, NULL, NULL, 3, 2, 2, NULL, NULL, NULL, NULL, NULL);
INSERT INTO public."EndpointCalls" ("Id", "EndpointFromId", "EndpointToId", "EndpointTypeFromId", "EndpointTypeToId", "EndpointCallType", "ApiMethodName", "MessageBrokerType", "QueueName", "TimeoutLimit", "AttemptsLimit") VALUES (4, NULL, NULL, 2, 4, 2, NULL, NULL, NULL, NULL, NULL);
INSERT INTO public."EndpointCalls" ("Id", "EndpointFromId", "EndpointToId", "EndpointTypeFromId", "EndpointTypeToId", "EndpointCallType", "ApiMethodName", "MessageBrokerType", "QueueName", "TimeoutLimit", "AttemptsLimit") VALUES (5, NULL, NULL, 5, 13, 0, NULL, NULL, NULL, NULL, NULL);
INSERT INTO public."EndpointCalls" ("Id", "EndpointFromId", "EndpointToId", "EndpointTypeFromId", "EndpointTypeToId", "EndpointCallType", "ApiMethodName", "MessageBrokerType", "QueueName", "TimeoutLimit", "AttemptsLimit") VALUES (6, NULL, NULL, 5, 7, 0, NULL, NULL, NULL, NULL, NULL);
INSERT INTO public."EndpointCalls" ("Id", "EndpointFromId", "EndpointToId", "EndpointTypeFromId", "EndpointTypeToId", "EndpointCallType", "ApiMethodName", "MessageBrokerType", "QueueName", "TimeoutLimit", "AttemptsLimit") VALUES (7, NULL, NULL, 7, 11, 0, NULL, NULL, NULL, NULL, NULL);
INSERT INTO public."EndpointCalls" ("Id", "EndpointFromId", "EndpointToId", "EndpointTypeFromId", "EndpointTypeToId", "EndpointCallType", "ApiMethodName", "MessageBrokerType", "QueueName", "TimeoutLimit", "AttemptsLimit") VALUES (8, NULL, NULL, 11, 7, 0, NULL, NULL, NULL, NULL, NULL);
INSERT INTO public."EndpointCalls" ("Id", "EndpointFromId", "EndpointToId", "EndpointTypeFromId", "EndpointTypeToId", "EndpointCallType", "ApiMethodName", "MessageBrokerType", "QueueName", "TimeoutLimit", "AttemptsLimit") VALUES (9, NULL, NULL, 7, 9, 0, NULL, NULL, NULL, NULL, NULL);
INSERT INTO public."EndpointCalls" ("Id", "EndpointFromId", "EndpointToId", "EndpointTypeFromId", "EndpointTypeToId", "EndpointCallType", "ApiMethodName", "MessageBrokerType", "QueueName", "TimeoutLimit", "AttemptsLimit") VALUES (10, NULL, NULL, 6, 14, 1, NULL, NULL, NULL, NULL, NULL);
INSERT INTO public."EndpointCalls" ("Id", "EndpointFromId", "EndpointToId", "EndpointTypeFromId", "EndpointTypeToId", "EndpointCallType", "ApiMethodName", "MessageBrokerType", "QueueName", "TimeoutLimit", "AttemptsLimit") VALUES (11, NULL, NULL, 6, 8, 1, NULL, NULL, NULL, NULL, NULL);
INSERT INTO public."EndpointCalls" ("Id", "EndpointFromId", "EndpointToId", "EndpointTypeFromId", "EndpointTypeToId", "EndpointCallType", "ApiMethodName", "MessageBrokerType", "QueueName", "TimeoutLimit", "AttemptsLimit") VALUES (12, NULL, NULL, 8, 12, 1, NULL, NULL, NULL, NULL, NULL);
INSERT INTO public."EndpointCalls" ("Id", "EndpointFromId", "EndpointToId", "EndpointTypeFromId", "EndpointTypeToId", "EndpointCallType", "ApiMethodName", "MessageBrokerType", "QueueName", "TimeoutLimit", "AttemptsLimit") VALUES (13, NULL, NULL, 12, 8, 1, NULL, NULL, NULL, NULL, NULL);
INSERT INTO public."EndpointCalls" ("Id", "EndpointFromId", "EndpointToId", "EndpointTypeFromId", "EndpointTypeToId", "EndpointCallType", "ApiMethodName", "MessageBrokerType", "QueueName", "TimeoutLimit", "AttemptsLimit") VALUES (14, NULL, NULL, 8, 10, 1, NULL, NULL, NULL, NULL, NULL);
INSERT INTO public."EndpointCalls" ("Id", "EndpointFromId", "EndpointToId", "EndpointTypeFromId", "EndpointTypeToId", "EndpointCallType", "ApiMethodName", "MessageBrokerType", "QueueName", "TimeoutLimit", "AttemptsLimit") VALUES (15, NULL, NULL, 1, 15, 2, NULL, NULL, NULL, NULL, NULL);


--
-- Data for Name: EndpointTypes; Type: TABLE DATA; Schema: public; Owner: postgres
--

INSERT INTO public."EndpointTypes" ("Id", "Name") VALUES (1, 'Customer backend gRPC');
INSERT INTO public."EndpointTypes" ("Id", "Name") VALUES (2, 'Warehouse backend gRPC');
INSERT INTO public."EndpointTypes" ("Id", "Name") VALUES (3, 'Kitchen backend gRPC');
INSERT INTO public."EndpointTypes" ("Id", "Name") VALUES (4, 'Courier backend gRPC');
INSERT INTO public."EndpointTypes" ("Id", "Name") VALUES (5, 'Customer backend Monolith');
INSERT INTO public."EndpointTypes" ("Id", "Name") VALUES (6, 'Customer backend HTTP');
INSERT INTO public."EndpointTypes" ("Id", "Name") VALUES (7, 'Warehouse backend Monolith');
INSERT INTO public."EndpointTypes" ("Id", "Name") VALUES (8, 'Warehouse backend HTTP');
INSERT INTO public."EndpointTypes" ("Id", "Name") VALUES (9, 'Courier backend Monolith');
INSERT INTO public."EndpointTypes" ("Id", "Name") VALUES (10, 'Courier backend HTTP');
INSERT INTO public."EndpointTypes" ("Id", "Name") VALUES (11, 'Kitchen backend Monolith');
INSERT INTO public."EndpointTypes" ("Id", "Name") VALUES (12, 'Kitchen backend HTTP');
INSERT INTO public."EndpointTypes" ("Id", "Name") VALUES (13, 'File service Monolith');
INSERT INTO public."EndpointTypes" ("Id", "Name") VALUES (14, 'File service HTTP');
INSERT INTO public."EndpointTypes" ("Id", "Name") VALUES (15, 'File service gRPC');


--
-- Data for Name: Endpoints; Type: TABLE DATA; Schema: public; Owner: postgres
--

INSERT INTO public."Endpoints" ("Id", "Name", "ClassName", "IpAddress", "Port", "NetworkAddress", "EndpointTypeId", "EndpointDeploymentType", "Status") VALUES (1, 'Customer backend Monolith', 'CustomerBLController', NULL, NULL, NULL, 5, NULL, NULL);
INSERT INTO public."Endpoints" ("Id", "Name", "ClassName", "IpAddress", "Port", "NetworkAddress", "EndpointTypeId", "EndpointDeploymentType", "Status") VALUES (2, 'Warehouse backend Monolith', 'WarehouseBLController', NULL, NULL, NULL, 7, NULL, NULL);
INSERT INTO public."Endpoints" ("Id", "Name", "ClassName", "IpAddress", "Port", "NetworkAddress", "EndpointTypeId", "EndpointDeploymentType", "Status") VALUES (3, 'Courier backend Monolith', 'CourierBLController', NULL, NULL, NULL, 9, NULL, NULL);
INSERT INTO public."Endpoints" ("Id", "Name", "ClassName", "IpAddress", "Port", "NetworkAddress", "EndpointTypeId", "EndpointDeploymentType", "Status") VALUES (4, 'Kitchen backend Monolith', 'KitchenBLController', NULL, NULL, NULL, 11, NULL, NULL);
INSERT INTO public."Endpoints" ("Id", "Name", "ClassName", "IpAddress", "Port", "NetworkAddress", "EndpointTypeId", "EndpointDeploymentType", "Status") VALUES (5, 'File service Monolith', 'FileService', NULL, NULL, NULL, 13, NULL, NULL);


--
-- Data for Name: Ingredients; Type: TABLE DATA; Schema: public; Owner: postgres
--

INSERT INTO public."Ingredients" ("Id", "IngredientProductId", "FinalProductId", "Quantity", "RecipeId", "Uid", "Name", "Description", "BusinessEntityStatus", "DateCreated", "DateChanged") VALUES (7, 13, 10, 2, 1, '03470ae6-81bf-4a0f-b1a8-1b74c147e7f5', 'Product 4', NULL, NULL, NULL, NULL);
INSERT INTO public."Ingredients" ("Id", "IngredientProductId", "FinalProductId", "Quantity", "RecipeId", "Uid", "Name", "Description", "BusinessEntityStatus", "DateCreated", "DateChanged") VALUES (8, 14, 10, 1, 1, 'b1313c5a-7dd7-4670-893b-c5885945142c', 'Product 5', NULL, NULL, NULL, NULL);
INSERT INTO public."Ingredients" ("Id", "IngredientProductId", "FinalProductId", "Quantity", "RecipeId", "Uid", "Name", "Description", "BusinessEntityStatus", "DateCreated", "DateChanged") VALUES (9, 15, 11, 3, 2, '58268b77-5be4-47c1-a259-1cfdad3db33d', 'Product 6', NULL, NULL, NULL, NULL);
INSERT INTO public."Ingredients" ("Id", "IngredientProductId", "FinalProductId", "Quantity", "RecipeId", "Uid", "Name", "Description", "BusinessEntityStatus", "DateCreated", "DateChanged") VALUES (10, 16, 11, 3, 2, '0c7ed95e-93e3-4700-9085-a0433dc3178c', 'Product 7', NULL, NULL, NULL, NULL);
INSERT INTO public."Ingredients" ("Id", "IngredientProductId", "FinalProductId", "Quantity", "RecipeId", "Uid", "Name", "Description", "BusinessEntityStatus", "DateCreated", "DateChanged") VALUES (11, 17, 11, 3, 2, '154556bf-11e8-4dd5-acc5-1f0d4755a568', 'Product 8', NULL, NULL, NULL, NULL);
INSERT INTO public."Ingredients" ("Id", "IngredientProductId", "FinalProductId", "Quantity", "RecipeId", "Uid", "Name", "Description", "BusinessEntityStatus", "DateCreated", "DateChanged") VALUES (12, 18, 12, 2, 3, 'e3e4a0d2-f725-472e-b41e-a13712a95f45', 'Product 9', NULL, NULL, NULL, NULL);


--
-- Data for Name: InitialOrderIngredients; Type: TABLE DATA; Schema: public; Owner: postgres
--

INSERT INTO public."InitialOrderIngredients" ("Id", "IngredientId", "InitialOrderId", "InitialOrderProductId", "Quantity", "CookingOperationId", "DeliveryWh2KitchenId", "Uid", "Name", "Description", "BusinessEntityStatus", "DateCreated", "DateChanged") VALUES (1, 7, 1, 1, 4, NULL, NULL, '55720f80-6d24-4dbe-a466-ebbefa870dba', 'Product 4', NULL, NULL, NULL, NULL);
INSERT INTO public."InitialOrderIngredients" ("Id", "IngredientId", "InitialOrderId", "InitialOrderProductId", "Quantity", "CookingOperationId", "DeliveryWh2KitchenId", "Uid", "Name", "Description", "BusinessEntityStatus", "DateCreated", "DateChanged") VALUES (2, 8, 1, 1, 2, NULL, NULL, '24f33e18-acd8-49c8-8852-b9e35ccbdf65', 'Product 5', NULL, NULL, NULL, NULL);
INSERT INTO public."InitialOrderIngredients" ("Id", "IngredientId", "InitialOrderId", "InitialOrderProductId", "Quantity", "CookingOperationId", "DeliveryWh2KitchenId", "Uid", "Name", "Description", "BusinessEntityStatus", "DateCreated", "DateChanged") VALUES (3, 9, 1, 2, 9, NULL, NULL, 'e57d7907-6e17-4619-b1e5-81fc7c377881', 'Product 6', NULL, NULL, NULL, NULL);
INSERT INTO public."InitialOrderIngredients" ("Id", "IngredientId", "InitialOrderId", "InitialOrderProductId", "Quantity", "CookingOperationId", "DeliveryWh2KitchenId", "Uid", "Name", "Description", "BusinessEntityStatus", "DateCreated", "DateChanged") VALUES (4, 10, 1, 2, 9, NULL, NULL, 'a0c2890f-1d1c-49ba-ac89-98fb6231f51d', 'Product 7', NULL, NULL, NULL, NULL);
INSERT INTO public."InitialOrderIngredients" ("Id", "IngredientId", "InitialOrderId", "InitialOrderProductId", "Quantity", "CookingOperationId", "DeliveryWh2KitchenId", "Uid", "Name", "Description", "BusinessEntityStatus", "DateCreated", "DateChanged") VALUES (5, 11, 1, 2, 9, NULL, NULL, '2e3954bc-ced1-4296-9c77-1296ad31f724', 'Product 8', NULL, NULL, NULL, NULL);
INSERT INTO public."InitialOrderIngredients" ("Id", "IngredientId", "InitialOrderId", "InitialOrderProductId", "Quantity", "CookingOperationId", "DeliveryWh2KitchenId", "Uid", "Name", "Description", "BusinessEntityStatus", "DateCreated", "DateChanged") VALUES (6, 12, 1, 3, 4, NULL, NULL, 'a80fe6af-0f7d-4425-969e-64b4d52f1958', 'Product 9', NULL, NULL, NULL, NULL);
INSERT INTO public."InitialOrderIngredients" ("Id", "IngredientId", "InitialOrderId", "InitialOrderProductId", "Quantity", "CookingOperationId", "DeliveryWh2KitchenId", "Uid", "Name", "Description", "BusinessEntityStatus", "DateCreated", "DateChanged") VALUES (7, 7, 2, 4, 4, NULL, NULL, '7ce7c0b3-041b-4193-9e35-306b4e96d8b6', 'Product 4', NULL, NULL, NULL, NULL);
INSERT INTO public."InitialOrderIngredients" ("Id", "IngredientId", "InitialOrderId", "InitialOrderProductId", "Quantity", "CookingOperationId", "DeliveryWh2KitchenId", "Uid", "Name", "Description", "BusinessEntityStatus", "DateCreated", "DateChanged") VALUES (8, 8, 2, 4, 2, NULL, NULL, '3cb0b7e5-314f-4217-b04d-f541ff2cd76a', 'Product 5', NULL, NULL, NULL, NULL);
INSERT INTO public."InitialOrderIngredients" ("Id", "IngredientId", "InitialOrderId", "InitialOrderProductId", "Quantity", "CookingOperationId", "DeliveryWh2KitchenId", "Uid", "Name", "Description", "BusinessEntityStatus", "DateCreated", "DateChanged") VALUES (9, 9, 2, 5, 9, NULL, NULL, 'ed0f666a-014d-4b5b-9b8f-6ec0b7587b62', 'Product 6', NULL, NULL, NULL, NULL);
INSERT INTO public."InitialOrderIngredients" ("Id", "IngredientId", "InitialOrderId", "InitialOrderProductId", "Quantity", "CookingOperationId", "DeliveryWh2KitchenId", "Uid", "Name", "Description", "BusinessEntityStatus", "DateCreated", "DateChanged") VALUES (10, 10, 2, 5, 9, NULL, NULL, '71484411-1847-4756-b5df-398ceade6c9f', 'Product 7', NULL, NULL, NULL, NULL);
INSERT INTO public."InitialOrderIngredients" ("Id", "IngredientId", "InitialOrderId", "InitialOrderProductId", "Quantity", "CookingOperationId", "DeliveryWh2KitchenId", "Uid", "Name", "Description", "BusinessEntityStatus", "DateCreated", "DateChanged") VALUES (11, 11, 2, 5, 9, NULL, NULL, 'a3d2c688-33be-495d-81be-09e362dd6dac', 'Product 8', NULL, NULL, NULL, NULL);
INSERT INTO public."InitialOrderIngredients" ("Id", "IngredientId", "InitialOrderId", "InitialOrderProductId", "Quantity", "CookingOperationId", "DeliveryWh2KitchenId", "Uid", "Name", "Description", "BusinessEntityStatus", "DateCreated", "DateChanged") VALUES (12, 12, 2, 6, 4, NULL, NULL, 'a1b32301-a397-4c0f-b9bc-d966b609b9f1', 'Product 9', NULL, NULL, NULL, NULL);
INSERT INTO public."InitialOrderIngredients" ("Id", "IngredientId", "InitialOrderId", "InitialOrderProductId", "Quantity", "CookingOperationId", "DeliveryWh2KitchenId", "Uid", "Name", "Description", "BusinessEntityStatus", "DateCreated", "DateChanged") VALUES (13, 7, 3, 7, 4, NULL, NULL, '1976892f-5dba-4e91-8c5a-4e623e3bf08e', 'Product 4', NULL, NULL, NULL, NULL);
INSERT INTO public."InitialOrderIngredients" ("Id", "IngredientId", "InitialOrderId", "InitialOrderProductId", "Quantity", "CookingOperationId", "DeliveryWh2KitchenId", "Uid", "Name", "Description", "BusinessEntityStatus", "DateCreated", "DateChanged") VALUES (14, 8, 3, 7, 2, NULL, NULL, 'd70d933e-05b0-4955-b327-1cfdb32a0e6d', 'Product 5', NULL, NULL, NULL, NULL);
INSERT INTO public."InitialOrderIngredients" ("Id", "IngredientId", "InitialOrderId", "InitialOrderProductId", "Quantity", "CookingOperationId", "DeliveryWh2KitchenId", "Uid", "Name", "Description", "BusinessEntityStatus", "DateCreated", "DateChanged") VALUES (15, 9, 3, 8, 9, NULL, NULL, '739219de-7c7d-4aff-93e5-902e4dfebdea', 'Product 6', NULL, NULL, NULL, NULL);
INSERT INTO public."InitialOrderIngredients" ("Id", "IngredientId", "InitialOrderId", "InitialOrderProductId", "Quantity", "CookingOperationId", "DeliveryWh2KitchenId", "Uid", "Name", "Description", "BusinessEntityStatus", "DateCreated", "DateChanged") VALUES (16, 10, 3, 8, 9, NULL, NULL, 'c728507e-02ea-4beb-b6d9-649fdcf28710', 'Product 7', NULL, NULL, NULL, NULL);
INSERT INTO public."InitialOrderIngredients" ("Id", "IngredientId", "InitialOrderId", "InitialOrderProductId", "Quantity", "CookingOperationId", "DeliveryWh2KitchenId", "Uid", "Name", "Description", "BusinessEntityStatus", "DateCreated", "DateChanged") VALUES (17, 11, 3, 8, 9, NULL, NULL, '695dc88c-4609-42b0-9536-a0e4c4989638', 'Product 8', NULL, NULL, NULL, NULL);
INSERT INTO public."InitialOrderIngredients" ("Id", "IngredientId", "InitialOrderId", "InitialOrderProductId", "Quantity", "CookingOperationId", "DeliveryWh2KitchenId", "Uid", "Name", "Description", "BusinessEntityStatus", "DateCreated", "DateChanged") VALUES (18, 12, 3, 9, 4, NULL, NULL, '1e358270-e557-4681-b955-fc22060e7416', 'Product 9', NULL, NULL, NULL, NULL);
INSERT INTO public."InitialOrderIngredients" ("Id", "IngredientId", "InitialOrderId", "InitialOrderProductId", "Quantity", "CookingOperationId", "DeliveryWh2KitchenId", "Uid", "Name", "Description", "BusinessEntityStatus", "DateCreated", "DateChanged") VALUES (19, 7, 4, 10, 4, NULL, NULL, '6583ec66-ab1a-4fa1-b698-17c787b815a6', 'Product 4', NULL, NULL, NULL, NULL);
INSERT INTO public."InitialOrderIngredients" ("Id", "IngredientId", "InitialOrderId", "InitialOrderProductId", "Quantity", "CookingOperationId", "DeliveryWh2KitchenId", "Uid", "Name", "Description", "BusinessEntityStatus", "DateCreated", "DateChanged") VALUES (20, 8, 4, 10, 2, NULL, NULL, 'f925a874-0598-4125-9394-08c672a87cf7', 'Product 5', NULL, NULL, NULL, NULL);
INSERT INTO public."InitialOrderIngredients" ("Id", "IngredientId", "InitialOrderId", "InitialOrderProductId", "Quantity", "CookingOperationId", "DeliveryWh2KitchenId", "Uid", "Name", "Description", "BusinessEntityStatus", "DateCreated", "DateChanged") VALUES (21, 9, 4, 11, 9, NULL, NULL, 'eaa669c5-7984-4de3-91b2-f77bf041ad7f', 'Product 6', NULL, NULL, NULL, NULL);
INSERT INTO public."InitialOrderIngredients" ("Id", "IngredientId", "InitialOrderId", "InitialOrderProductId", "Quantity", "CookingOperationId", "DeliveryWh2KitchenId", "Uid", "Name", "Description", "BusinessEntityStatus", "DateCreated", "DateChanged") VALUES (22, 10, 4, 11, 9, NULL, NULL, '0d0cfd3d-c0f1-4ef9-b23c-f1cbc6c0ad33', 'Product 7', NULL, NULL, NULL, NULL);
INSERT INTO public."InitialOrderIngredients" ("Id", "IngredientId", "InitialOrderId", "InitialOrderProductId", "Quantity", "CookingOperationId", "DeliveryWh2KitchenId", "Uid", "Name", "Description", "BusinessEntityStatus", "DateCreated", "DateChanged") VALUES (23, 11, 4, 11, 9, NULL, NULL, 'f6e81db4-6365-484d-a688-19d712a85b5f', 'Product 8', NULL, NULL, NULL, NULL);
INSERT INTO public."InitialOrderIngredients" ("Id", "IngredientId", "InitialOrderId", "InitialOrderProductId", "Quantity", "CookingOperationId", "DeliveryWh2KitchenId", "Uid", "Name", "Description", "BusinessEntityStatus", "DateCreated", "DateChanged") VALUES (24, 12, 4, 12, 4, NULL, NULL, '61947876-95c5-4477-bdcd-11d65148854d', 'Product 9', NULL, NULL, NULL, NULL);


--
-- Data for Name: InitialOrderProducts; Type: TABLE DATA; Schema: public; Owner: postgres
--

INSERT INTO public."InitialOrderProducts" ("Id", "ProductId", "InitialOrderId", "Quantity", "CookingOperationId", "DeliveryKitchen2WhId", "DeliveryWh2KitchenId", "Uid", "Name", "Description", "BusinessEntityStatus", "DateCreated", "DateChanged") VALUES (1, 10, 1, 2, NULL, NULL, NULL, '12737c33-66a5-4969-9396-23f82867dc07', 'Product 1', NULL, NULL, NULL, NULL);
INSERT INTO public."InitialOrderProducts" ("Id", "ProductId", "InitialOrderId", "Quantity", "CookingOperationId", "DeliveryKitchen2WhId", "DeliveryWh2KitchenId", "Uid", "Name", "Description", "BusinessEntityStatus", "DateCreated", "DateChanged") VALUES (2, 11, 1, 3, NULL, NULL, NULL, 'fe430909-5b20-4045-805f-d999f6a3f3d3', 'Product 2', NULL, NULL, NULL, NULL);
INSERT INTO public."InitialOrderProducts" ("Id", "ProductId", "InitialOrderId", "Quantity", "CookingOperationId", "DeliveryKitchen2WhId", "DeliveryWh2KitchenId", "Uid", "Name", "Description", "BusinessEntityStatus", "DateCreated", "DateChanged") VALUES (3, 12, 1, 2, NULL, NULL, NULL, 'ab6afb53-6ce9-4475-b165-542e068bc045', 'Product 3', NULL, NULL, NULL, NULL);
INSERT INTO public."InitialOrderProducts" ("Id", "ProductId", "InitialOrderId", "Quantity", "CookingOperationId", "DeliveryKitchen2WhId", "DeliveryWh2KitchenId", "Uid", "Name", "Description", "BusinessEntityStatus", "DateCreated", "DateChanged") VALUES (4, 10, 2, 2, NULL, NULL, NULL, '2e05e431-d698-42d7-b750-c999d4542343', 'Product 1', NULL, NULL, NULL, NULL);
INSERT INTO public."InitialOrderProducts" ("Id", "ProductId", "InitialOrderId", "Quantity", "CookingOperationId", "DeliveryKitchen2WhId", "DeliveryWh2KitchenId", "Uid", "Name", "Description", "BusinessEntityStatus", "DateCreated", "DateChanged") VALUES (5, 11, 2, 3, NULL, NULL, NULL, '65ea6ce1-5175-44fa-ac3b-c57a74602565', 'Product 2', NULL, NULL, NULL, NULL);
INSERT INTO public."InitialOrderProducts" ("Id", "ProductId", "InitialOrderId", "Quantity", "CookingOperationId", "DeliveryKitchen2WhId", "DeliveryWh2KitchenId", "Uid", "Name", "Description", "BusinessEntityStatus", "DateCreated", "DateChanged") VALUES (6, 12, 2, 2, NULL, NULL, NULL, 'e9d9a48a-b090-4e9a-9bf2-8a0548b5668f', 'Product 3', NULL, NULL, NULL, NULL);
INSERT INTO public."InitialOrderProducts" ("Id", "ProductId", "InitialOrderId", "Quantity", "CookingOperationId", "DeliveryKitchen2WhId", "DeliveryWh2KitchenId", "Uid", "Name", "Description", "BusinessEntityStatus", "DateCreated", "DateChanged") VALUES (7, 10, 3, 2, NULL, NULL, NULL, 'a3a9d9b2-23a0-40dd-86b6-9cfb86431fd4', 'Product 1', NULL, NULL, NULL, NULL);
INSERT INTO public."InitialOrderProducts" ("Id", "ProductId", "InitialOrderId", "Quantity", "CookingOperationId", "DeliveryKitchen2WhId", "DeliveryWh2KitchenId", "Uid", "Name", "Description", "BusinessEntityStatus", "DateCreated", "DateChanged") VALUES (8, 11, 3, 3, NULL, NULL, NULL, 'b2a34f8c-ccf6-473e-be2c-7261b23c94c9', 'Product 2', NULL, NULL, NULL, NULL);
INSERT INTO public."InitialOrderProducts" ("Id", "ProductId", "InitialOrderId", "Quantity", "CookingOperationId", "DeliveryKitchen2WhId", "DeliveryWh2KitchenId", "Uid", "Name", "Description", "BusinessEntityStatus", "DateCreated", "DateChanged") VALUES (9, 12, 3, 2, NULL, NULL, NULL, '068e5a89-55df-4c69-a58f-3de4045c897e', 'Product 3', NULL, NULL, NULL, NULL);
INSERT INTO public."InitialOrderProducts" ("Id", "ProductId", "InitialOrderId", "Quantity", "CookingOperationId", "DeliveryKitchen2WhId", "DeliveryWh2KitchenId", "Uid", "Name", "Description", "BusinessEntityStatus", "DateCreated", "DateChanged") VALUES (10, 10, 4, 2, NULL, NULL, NULL, '5c5bb1e8-3a52-4582-8309-9c1cf36c8fc2', 'Product 1', NULL, NULL, NULL, NULL);
INSERT INTO public."InitialOrderProducts" ("Id", "ProductId", "InitialOrderId", "Quantity", "CookingOperationId", "DeliveryKitchen2WhId", "DeliveryWh2KitchenId", "Uid", "Name", "Description", "BusinessEntityStatus", "DateCreated", "DateChanged") VALUES (11, 11, 4, 3, NULL, NULL, NULL, 'bf4d47cb-1f8f-4791-a5e0-c117c0a5897e', 'Product 2', NULL, NULL, NULL, NULL);
INSERT INTO public."InitialOrderProducts" ("Id", "ProductId", "InitialOrderId", "Quantity", "CookingOperationId", "DeliveryKitchen2WhId", "DeliveryWh2KitchenId", "Uid", "Name", "Description", "BusinessEntityStatus", "DateCreated", "DateChanged") VALUES (12, 12, 4, 2, NULL, NULL, NULL, '2af7ee9e-a074-4a5b-8db7-c0c70a128204', 'Product 3', NULL, NULL, NULL, NULL);


--
-- Data for Name: InitialOrders; Type: TABLE DATA; Schema: public; Owner: postgres
--

INSERT INTO public."InitialOrders" ("Id", "UserUid", "Login", "PhoneNumber", "City", "Address", "PaymentType", "PaymentMethod", "PaymentAmount", "DeliveryOrderId", "CookingOperationId", "DeliveryKitchen2WhId", "DeliveryWh2KitchenId", "Uid", "Name", "Description", "BusinessEntityStatus", "DateCreated", "DateChanged") VALUES (1, '7d698e70-cd06-464e-8ec5-859d88fc22cc', 'login6', '+49 711-5556-417 2212', 'Stuttgart', 'Keplerstrae 7, 70174 Stuttgart, Germany', 'Card', '---', 316, NULL, NULL, NULL, NULL, '49049530-f6a2-4a26-8939-e8036ae111fb', NULL, NULL, NULL, NULL, NULL);
INSERT INTO public."InitialOrders" ("Id", "UserUid", "Login", "PhoneNumber", "City", "Address", "PaymentType", "PaymentMethod", "PaymentAmount", "DeliveryOrderId", "CookingOperationId", "DeliveryKitchen2WhId", "DeliveryWh2KitchenId", "Uid", "Name", "Description", "BusinessEntityStatus", "DateCreated", "DateChanged") VALUES (2, '7d698e70-cd06-464e-8ec5-859d88fc22cc', 'login6', '+49 711-5556-417 2212', 'Stuttgart', 'Keplerstrae 7, 70174 Stuttgart, Germany', 'Card', '---', 158, NULL, NULL, NULL, NULL, '87565fc4-42da-41eb-91cd-895ea580d110', NULL, NULL, NULL, NULL, NULL);
INSERT INTO public."InitialOrders" ("Id", "UserUid", "Login", "PhoneNumber", "City", "Address", "PaymentType", "PaymentMethod", "PaymentAmount", "DeliveryOrderId", "CookingOperationId", "DeliveryKitchen2WhId", "DeliveryWh2KitchenId", "Uid", "Name", "Description", "BusinessEntityStatus", "DateCreated", "DateChanged") VALUES (3, '7d698e70-cd06-464e-8ec5-859d88fc22cc', 'login6', '+49 711-5556-417 2212', 'Stuttgart', 'Keplerstrae 7, 70174 Stuttgart, Germany', 'Card', '---', 158, NULL, NULL, NULL, NULL, 'd6fa308d-6ee2-4d9d-a8a5-2cede46cbd97', NULL, NULL, NULL, NULL, NULL);
INSERT INTO public."InitialOrders" ("Id", "UserUid", "Login", "PhoneNumber", "City", "Address", "PaymentType", "PaymentMethod", "PaymentAmount", "DeliveryOrderId", "CookingOperationId", "DeliveryKitchen2WhId", "DeliveryWh2KitchenId", "Uid", "Name", "Description", "BusinessEntityStatus", "DateCreated", "DateChanged") VALUES (4, '7d698e70-cd06-464e-8ec5-859d88fc22cc', 'login6', '+49 711-5556-417 2212', 'Stuttgart', 'Keplerstrae 7, 70174 Stuttgart, Germany', 'Card', '---', 158, NULL, NULL, NULL, NULL, '0ff75f33-e556-45b2-8e37-ef4d84d38249', NULL, NULL, NULL, NULL, NULL);


--
-- Data for Name: Notifications; Type: TABLE DATA; Schema: public; Owner: postgres
--



--
-- Data for Name: OrderProducts; Type: TABLE DATA; Schema: public; Owner: postgres
--



--
-- Data for Name: Orders; Type: TABLE DATA; Schema: public; Owner: postgres
--



--
-- Data for Name: OrganizationItems; Type: TABLE DATA; Schema: public; Owner: postgres
--

INSERT INTO public."OrganizationItems" ("Id", "ItemType", "IsDeleted", "HardDelete", "ParentItemId", "Address", "Uid", "Name", "Description", "BusinessEntityStatus", "DateCreated", "DateChanged", "OrganizationName") VALUES (1, 1, false, false, NULL, 'Country1, CountryProvince1, City1, StreetName1, StreetNumber1', 'e3da34c6-7cfd-48f8-99b9-ff36f79c848f', 'Head of ''Our Company''', NULL, NULL, NULL, NULL, NULL);
INSERT INTO public."OrganizationItems" ("Id", "ItemType", "IsDeleted", "HardDelete", "ParentItemId", "Address", "Uid", "Name", "Description", "BusinessEntityStatus", "DateCreated", "DateChanged", "OrganizationName") VALUES (2, 1, false, false, 1, 'Country1, CountryProvince1, City1, StreetName1, StreetNumber1', 'd43aeaeb-c128-4682-92a9-ce163cd152bc', 'Manager of ''Our Company''', NULL, NULL, NULL, NULL, NULL);
INSERT INTO public."OrganizationItems" ("Id", "ItemType", "IsDeleted", "HardDelete", "ParentItemId", "Address", "Uid", "Name", "Description", "BusinessEntityStatus", "DateCreated", "DateChanged", "OrganizationName") VALUES (3, 0, false, false, 2, 'Country1, CountryProvince1, City1, StreetName1, StreetNumber1', '71342a08-f9f9-424c-b55e-5c24ebe60b4e', 'Couriers', NULL, NULL, NULL, NULL, NULL);
INSERT INTO public."OrganizationItems" ("Id", "ItemType", "IsDeleted", "HardDelete", "ParentItemId", "Address", "Uid", "Name", "Description", "BusinessEntityStatus", "DateCreated", "DateChanged", "OrganizationName") VALUES (4, 0, false, false, 2, 'Country1, CountryProvince1, City1, StreetName1, StreetNumber1', '0ffc72b5-a0c3-442e-a378-306839e87a20', 'Tech support', NULL, NULL, NULL, NULL, NULL);
INSERT INTO public."OrganizationItems" ("Id", "ItemType", "IsDeleted", "HardDelete", "ParentItemId", "Address", "Uid", "Name", "Description", "BusinessEntityStatus", "DateCreated", "DateChanged", "OrganizationName") VALUES (5, 0, false, false, 2, 'Country1, CountryProvince1, City1, StreetName1, StreetNumber1', '98008db2-1cbd-4613-94f8-89576a87bc54', 'Warehouse employees', NULL, NULL, NULL, NULL, NULL);
INSERT INTO public."OrganizationItems" ("Id", "ItemType", "IsDeleted", "HardDelete", "ParentItemId", "Address", "Uid", "Name", "Description", "BusinessEntityStatus", "DateCreated", "DateChanged", "OrganizationName") VALUES (6, 0, false, false, 2, 'Country1, CountryProvince1, City1, StreetName1, StreetNumber1', 'd98a2dec-3593-4b48-90cd-a8dff8de4c5f', 'Kitchen employees', NULL, NULL, NULL, NULL, NULL);


--
-- Data for Name: Organizations; Type: TABLE DATA; Schema: public; Owner: postgres
--

INSERT INTO public."Organizations" ("Id", "CompanyId", "HeadItemId", "Uid", "Name", "Description", "BusinessEntityStatus", "DateCreated", "DateChanged") VALUES (1, 1, 1, '7cb97a65-481d-41da-b76c-94e63c3fdd18', 'Organization ''Our Company''', NULL, NULL, NULL, NULL);


--
-- Data for Name: Payments; Type: TABLE DATA; Schema: public; Owner: postgres
--



--
-- Data for Name: ProductCategories; Type: TABLE DATA; Schema: public; Owner: postgres
--

INSERT INTO public."ProductCategories" ("Id", "PictureUrl", "PictureDescription", "ProductCategoryType", "Uid", "Name", "Description", "BusinessEntityStatus", "DateCreated", "DateChanged") VALUES (3, NULL, NULL, NULL, 'a61c1ad5-e19c-4cf9-a150-8a09e2a2be2b', 'Product category 1', NULL, NULL, NULL, NULL);
INSERT INTO public."ProductCategories" ("Id", "PictureUrl", "PictureDescription", "ProductCategoryType", "Uid", "Name", "Description", "BusinessEntityStatus", "DateCreated", "DateChanged") VALUES (4, NULL, NULL, NULL, '9df02083-44ac-4329-b965-70d807650553', 'Product category 2', 'Ingredients', NULL, NULL, NULL);


--
-- Data for Name: ProductTransfers; Type: TABLE DATA; Schema: public; Owner: postgres
--



--
-- Data for Name: Products; Type: TABLE DATA; Schema: public; Owner: postgres
--

INSERT INTO public."Products" ("Id", "Price", "Quantity", "ProductCategoryId", "PictureUrl", "PictureDescription", "Uid", "Name", "Description", "BusinessEntityStatus", "DateCreated", "DateChanged") VALUES (10, 12, 0, 3, NULL, NULL, 'c33ed7a0-43e8-4875-be86-f7034058103f', 'Product 1', NULL, NULL, NULL, NULL);
INSERT INTO public."Products" ("Id", "Price", "Quantity", "ProductCategoryId", "PictureUrl", "PictureDescription", "Uid", "Name", "Description", "BusinessEntityStatus", "DateCreated", "DateChanged") VALUES (11, 28, 0, 3, NULL, NULL, '008e8ff1-8f08-4046-876f-a37fc0d7d750', 'Product 2', NULL, NULL, NULL, NULL);
INSERT INTO public."Products" ("Id", "Price", "Quantity", "ProductCategoryId", "PictureUrl", "PictureDescription", "Uid", "Name", "Description", "BusinessEntityStatus", "DateCreated", "DateChanged") VALUES (12, 25, 0, 3, NULL, NULL, '4d5f58af-3bd6-446f-97df-af2e61932a65', 'Product 3', NULL, NULL, NULL, NULL);
INSERT INTO public."Products" ("Id", "Price", "Quantity", "ProductCategoryId", "PictureUrl", "PictureDescription", "Uid", "Name", "Description", "BusinessEntityStatus", "DateCreated", "DateChanged") VALUES (13, 2, 0, 4, NULL, NULL, 'f6ffe5b1-f6b8-4202-b8d9-e9e594438d61', 'Product 4', NULL, NULL, NULL, NULL);
INSERT INTO public."Products" ("Id", "Price", "Quantity", "ProductCategoryId", "PictureUrl", "PictureDescription", "Uid", "Name", "Description", "BusinessEntityStatus", "DateCreated", "DateChanged") VALUES (14, 4, 0, 4, NULL, NULL, 'b2f24211-eaf4-4c7a-ac74-e2f57239617b', 'Product 5', NULL, NULL, NULL, NULL);
INSERT INTO public."Products" ("Id", "Price", "Quantity", "ProductCategoryId", "PictureUrl", "PictureDescription", "Uid", "Name", "Description", "BusinessEntityStatus", "DateCreated", "DateChanged") VALUES (15, 4, 0, 4, NULL, NULL, 'b30719f1-9201-4fc8-bcd3-ade02f773c46', 'Product 6', NULL, NULL, NULL, NULL);
INSERT INTO public."Products" ("Id", "Price", "Quantity", "ProductCategoryId", "PictureUrl", "PictureDescription", "Uid", "Name", "Description", "BusinessEntityStatus", "DateCreated", "DateChanged") VALUES (16, 3, 0, 4, NULL, NULL, '9d8f3521-687d-4a5b-b38a-b843b16f328a', 'Product 7', NULL, NULL, NULL, NULL);
INSERT INTO public."Products" ("Id", "Price", "Quantity", "ProductCategoryId", "PictureUrl", "PictureDescription", "Uid", "Name", "Description", "BusinessEntityStatus", "DateCreated", "DateChanged") VALUES (17, 3, 0, 4, NULL, NULL, 'da3a75fa-da3a-425a-a410-cb5fe3d3fa7c', 'Product 8', NULL, NULL, NULL, NULL);
INSERT INTO public."Products" ("Id", "Price", "Quantity", "ProductCategoryId", "PictureUrl", "PictureDescription", "Uid", "Name", "Description", "BusinessEntityStatus", "DateCreated", "DateChanged") VALUES (18, 6, 0, 4, NULL, NULL, 'd007a5b9-602c-4527-963b-f823d6276fd3', 'Product 9', NULL, NULL, NULL, NULL);


--
-- Data for Name: Project; Type: TABLE DATA; Schema: public; Owner: postgres
--



--
-- Data for Name: ProjectPhase; Type: TABLE DATA; Schema: public; Owner: postgres
--



--
-- Data for Name: ProjectPlanItem; Type: TABLE DATA; Schema: public; Owner: postgres
--



--
-- Data for Name: Recipes; Type: TABLE DATA; Schema: public; Owner: postgres
--

INSERT INTO public."Recipes" ("Id", "ProductId", "Instruction", "Uid", "Name", "Description", "BusinessEntityStatus", "DateCreated", "DateChanged") VALUES (1, 10, 'Instruction #1', 'd961e0d9-8081-4eed-9073-2cc71bd23e29', 'Recipe of the product #10 Product 1', NULL, NULL, NULL, NULL);
INSERT INTO public."Recipes" ("Id", "ProductId", "Instruction", "Uid", "Name", "Description", "BusinessEntityStatus", "DateCreated", "DateChanged") VALUES (2, 11, 'Instruction #2', '5ad676b2-51f7-4d23-ac5c-9578d6485658', 'Recipe of the product #11 Product 2', NULL, NULL, NULL, NULL);
INSERT INTO public."Recipes" ("Id", "ProductId", "Instruction", "Uid", "Name", "Description", "BusinessEntityStatus", "DateCreated", "DateChanged") VALUES (3, 12, 'Instruction #3', '5e125176-d878-477a-a460-b055ac27cae5', 'Recipe of the product #12 Product 3', NULL, NULL, NULL, NULL);


--
-- Data for Name: Risk; Type: TABLE DATA; Schema: public; Owner: postgres
--



--
-- Data for Name: Skill; Type: TABLE DATA; Schema: public; Owner: postgres
--



--
-- Data for Name: UserAccountGroups; Type: TABLE DATA; Schema: public; Owner: postgres
--



--
-- Data for Name: UserAccounts; Type: TABLE DATA; Schema: public; Owner: postgres
--

INSERT INTO public."UserAccounts" ("Id", "Login", "Email", "PhoneNumber", "Password", "Photo", "PhotoUrl", "Status", "LastSeenDt", "Uid", "Name", "Description", "BusinessEntityStatus", "DateCreated", "DateChanged") VALUES (31, 'login1', 'user1@example.com', 'PhoneNumber1', 'pswd1', NULL, NULL, 0, NULL, '9d8a4b3f-71d3-4424-87f7-e21e55fe2607', NULL, NULL, NULL, NULL, NULL);
INSERT INTO public."UserAccounts" ("Id", "Login", "Email", "PhoneNumber", "Password", "Photo", "PhotoUrl", "Status", "LastSeenDt", "Uid", "Name", "Description", "BusinessEntityStatus", "DateCreated", "DateChanged") VALUES (32, 'login2', 'user2@example.com', 'PhoneNumber2', 'pswd2', NULL, NULL, 0, NULL, 'f280cafb-2baf-4398-a9a3-468481bb5f5d', NULL, NULL, NULL, NULL, NULL);
INSERT INTO public."UserAccounts" ("Id", "Login", "Email", "PhoneNumber", "Password", "Photo", "PhotoUrl", "Status", "LastSeenDt", "Uid", "Name", "Description", "BusinessEntityStatus", "DateCreated", "DateChanged") VALUES (33, 'login3', 'user3@example.com', 'PhoneNumber3', 'pswd3', NULL, NULL, 0, NULL, 'f9ca66dc-d886-4521-9417-769655d3a404', NULL, NULL, NULL, NULL, NULL);
INSERT INTO public."UserAccounts" ("Id", "Login", "Email", "PhoneNumber", "Password", "Photo", "PhotoUrl", "Status", "LastSeenDt", "Uid", "Name", "Description", "BusinessEntityStatus", "DateCreated", "DateChanged") VALUES (34, 'login4', 'user4@example.com', 'PhoneNumber4', 'pswd4', NULL, NULL, 0, NULL, '9322e61c-e8dd-41a6-9788-3e80160cc186', NULL, NULL, NULL, NULL, NULL);
INSERT INTO public."UserAccounts" ("Id", "Login", "Email", "PhoneNumber", "Password", "Photo", "PhotoUrl", "Status", "LastSeenDt", "Uid", "Name", "Description", "BusinessEntityStatus", "DateCreated", "DateChanged") VALUES (37, 'login7', 'user7@example.com', 'PhoneNumber7', 'pswd7', NULL, NULL, 0, NULL, 'ea28185e-79d6-4124-8f01-9c3ac8da1e01', NULL, NULL, NULL, NULL, NULL);
INSERT INTO public."UserAccounts" ("Id", "Login", "Email", "PhoneNumber", "Password", "Photo", "PhotoUrl", "Status", "LastSeenDt", "Uid", "Name", "Description", "BusinessEntityStatus", "DateCreated", "DateChanged") VALUES (38, 'login8', 'user8@example.com', 'PhoneNumber8', 'pswd8', NULL, NULL, 0, NULL, 'a34ff09e-20e5-472d-a22d-c4b457c37bbc', NULL, NULL, NULL, NULL, NULL);
INSERT INTO public."UserAccounts" ("Id", "Login", "Email", "PhoneNumber", "Password", "Photo", "PhotoUrl", "Status", "LastSeenDt", "Uid", "Name", "Description", "BusinessEntityStatus", "DateCreated", "DateChanged") VALUES (39, 'login9', 'user9@example.com', 'PhoneNumber9', 'pswd9', NULL, NULL, 0, NULL, 'ae558a66-f402-406b-8953-9f1f5be188e2', NULL, NULL, NULL, NULL, NULL);
INSERT INTO public."UserAccounts" ("Id", "Login", "Email", "PhoneNumber", "Password", "Photo", "PhotoUrl", "Status", "LastSeenDt", "Uid", "Name", "Description", "BusinessEntityStatus", "DateCreated", "DateChanged") VALUES (40, 'login10', 'user10@example.com', 'PhoneNumber10', 'pswd10', NULL, NULL, 0, NULL, '8282f78a-ae6a-4d02-878a-a5d9a4d012ed', NULL, NULL, NULL, NULL, NULL);
INSERT INTO public."UserAccounts" ("Id", "Login", "Email", "PhoneNumber", "Password", "Photo", "PhotoUrl", "Status", "LastSeenDt", "Uid", "Name", "Description", "BusinessEntityStatus", "DateCreated", "DateChanged") VALUES (43, 'login13', 'user13@example.com', 'PhoneNumber13', 'pswd13', NULL, NULL, 0, NULL, '27f69a95-6233-4f67-81fd-421287904cc0', NULL, NULL, NULL, NULL, NULL);
INSERT INTO public."UserAccounts" ("Id", "Login", "Email", "PhoneNumber", "Password", "Photo", "PhotoUrl", "Status", "LastSeenDt", "Uid", "Name", "Description", "BusinessEntityStatus", "DateCreated", "DateChanged") VALUES (44, 'login14', 'user14@example.com', 'PhoneNumber14', 'pswd14', NULL, NULL, 0, NULL, '53cef1bc-2d02-4d0b-a9f7-a5d46d4910de', NULL, NULL, NULL, NULL, NULL);
INSERT INTO public."UserAccounts" ("Id", "Login", "Email", "PhoneNumber", "Password", "Photo", "PhotoUrl", "Status", "LastSeenDt", "Uid", "Name", "Description", "BusinessEntityStatus", "DateCreated", "DateChanged") VALUES (45, 'login15', 'user15@example.com', 'PhoneNumber15', 'pswd15', NULL, NULL, 0, NULL, '949f0d8c-a238-4301-90e5-dee3985a4812', NULL, NULL, NULL, NULL, NULL);
INSERT INTO public."UserAccounts" ("Id", "Login", "Email", "PhoneNumber", "Password", "Photo", "PhotoUrl", "Status", "LastSeenDt", "Uid", "Name", "Description", "BusinessEntityStatus", "DateCreated", "DateChanged") VALUES (46, 'login16', 'user16@example.com', 'PhoneNumber16', 'pswd16', NULL, NULL, 0, NULL, '7a0ea92d-cfc9-487d-acd4-f46e0d393739', NULL, NULL, NULL, NULL, NULL);
INSERT INTO public."UserAccounts" ("Id", "Login", "Email", "PhoneNumber", "Password", "Photo", "PhotoUrl", "Status", "LastSeenDt", "Uid", "Name", "Description", "BusinessEntityStatus", "DateCreated", "DateChanged") VALUES (49, 'login19', 'user19@example.com', 'PhoneNumber19', 'pswd19', NULL, NULL, 0, NULL, 'add1747f-34ba-4c6b-8dc6-96803ffcebd6', NULL, NULL, NULL, NULL, NULL);
INSERT INTO public."UserAccounts" ("Id", "Login", "Email", "PhoneNumber", "Password", "Photo", "PhotoUrl", "Status", "LastSeenDt", "Uid", "Name", "Description", "BusinessEntityStatus", "DateCreated", "DateChanged") VALUES (50, 'login20', 'user20@example.com', 'PhoneNumber20', 'pswd20', NULL, NULL, 0, NULL, '9b88b724-90cf-4432-9593-cd74477da115', NULL, NULL, NULL, NULL, NULL);
INSERT INTO public."UserAccounts" ("Id", "Login", "Email", "PhoneNumber", "Password", "Photo", "PhotoUrl", "Status", "LastSeenDt", "Uid", "Name", "Description", "BusinessEntityStatus", "DateCreated", "DateChanged") VALUES (51, 'login21', 'user21@example.com', 'PhoneNumber21', 'pswd21', NULL, NULL, 0, NULL, '62758846-07e8-4df1-9120-598758218a16', NULL, NULL, NULL, NULL, NULL);
INSERT INTO public."UserAccounts" ("Id", "Login", "Email", "PhoneNumber", "Password", "Photo", "PhotoUrl", "Status", "LastSeenDt", "Uid", "Name", "Description", "BusinessEntityStatus", "DateCreated", "DateChanged") VALUES (52, 'login22', 'user22@example.com', 'PhoneNumber22', 'pswd22', NULL, NULL, 0, NULL, '8e1fe379-2e51-4839-ba57-6a7f263c03c0', NULL, NULL, NULL, NULL, NULL);
INSERT INTO public."UserAccounts" ("Id", "Login", "Email", "PhoneNumber", "Password", "Photo", "PhotoUrl", "Status", "LastSeenDt", "Uid", "Name", "Description", "BusinessEntityStatus", "DateCreated", "DateChanged") VALUES (55, 'login25', 'user25@example.com', 'PhoneNumber25', 'pswd25', NULL, NULL, 0, NULL, 'a33244ac-eeb0-47b9-b2a3-82e8c31ef80b', NULL, NULL, NULL, NULL, NULL);
INSERT INTO public."UserAccounts" ("Id", "Login", "Email", "PhoneNumber", "Password", "Photo", "PhotoUrl", "Status", "LastSeenDt", "Uid", "Name", "Description", "BusinessEntityStatus", "DateCreated", "DateChanged") VALUES (56, 'login26', 'user26@example.com', 'PhoneNumber26', 'pswd26', NULL, NULL, 0, NULL, 'ba272756-fb33-431a-bea5-2481033048ca', NULL, NULL, NULL, NULL, NULL);
INSERT INTO public."UserAccounts" ("Id", "Login", "Email", "PhoneNumber", "Password", "Photo", "PhotoUrl", "Status", "LastSeenDt", "Uid", "Name", "Description", "BusinessEntityStatus", "DateCreated", "DateChanged") VALUES (57, 'login27', 'user27@example.com', 'PhoneNumber27', 'pswd27', NULL, NULL, 0, NULL, '8666ba56-e563-4b2e-8fb5-4c84642b490d', NULL, NULL, NULL, NULL, NULL);
INSERT INTO public."UserAccounts" ("Id", "Login", "Email", "PhoneNumber", "Password", "Photo", "PhotoUrl", "Status", "LastSeenDt", "Uid", "Name", "Description", "BusinessEntityStatus", "DateCreated", "DateChanged") VALUES (58, 'login28', 'user28@example.com', 'PhoneNumber28', 'pswd28', NULL, NULL, 0, NULL, '3e2d1b5d-43cb-43b7-bb5b-e441141076e6', NULL, NULL, NULL, NULL, NULL);
INSERT INTO public."UserAccounts" ("Id", "Login", "Email", "PhoneNumber", "Password", "Photo", "PhotoUrl", "Status", "LastSeenDt", "Uid", "Name", "Description", "BusinessEntityStatus", "DateCreated", "DateChanged") VALUES (35, 'login5', 'user5@example.com', 'PhoneNumber5', 'pswd5', NULL, NULL, 0, NULL, 'efd10937-6c14-472e-8293-baa3f29da007', NULL, NULL, NULL, NULL, NULL);
INSERT INTO public."UserAccounts" ("Id", "Login", "Email", "PhoneNumber", "Password", "Photo", "PhotoUrl", "Status", "LastSeenDt", "Uid", "Name", "Description", "BusinessEntityStatus", "DateCreated", "DateChanged") VALUES (41, 'login11', 'user11@example.com', 'PhoneNumber11', 'pswd11', NULL, NULL, 0, NULL, '7e8568ad-918a-40be-aa9f-9f543e9e0af4', NULL, NULL, NULL, NULL, NULL);
INSERT INTO public."UserAccounts" ("Id", "Login", "Email", "PhoneNumber", "Password", "Photo", "PhotoUrl", "Status", "LastSeenDt", "Uid", "Name", "Description", "BusinessEntityStatus", "DateCreated", "DateChanged") VALUES (47, 'login17', 'user17@example.com', 'PhoneNumber17', 'pswd17', NULL, NULL, 0, NULL, '26ee1eeb-7827-49cd-a421-96aec429c5db', NULL, NULL, NULL, NULL, NULL);
INSERT INTO public."UserAccounts" ("Id", "Login", "Email", "PhoneNumber", "Password", "Photo", "PhotoUrl", "Status", "LastSeenDt", "Uid", "Name", "Description", "BusinessEntityStatus", "DateCreated", "DateChanged") VALUES (53, 'login23', 'user23@example.com', 'PhoneNumber23', 'pswd23', NULL, NULL, 0, NULL, '8754d8e7-efb0-450e-985a-10eafbc9e9f2', NULL, NULL, NULL, NULL, NULL);
INSERT INTO public."UserAccounts" ("Id", "Login", "Email", "PhoneNumber", "Password", "Photo", "PhotoUrl", "Status", "LastSeenDt", "Uid", "Name", "Description", "BusinessEntityStatus", "DateCreated", "DateChanged") VALUES (59, 'login29', 'user29@example.com', 'PhoneNumber29', 'pswd29', NULL, NULL, 0, NULL, '32c5f333-d869-45bd-821d-e7459160c6de', NULL, NULL, NULL, NULL, NULL);
INSERT INTO public."UserAccounts" ("Id", "Login", "Email", "PhoneNumber", "Password", "Photo", "PhotoUrl", "Status", "LastSeenDt", "Uid", "Name", "Description", "BusinessEntityStatus", "DateCreated", "DateChanged") VALUES (36, 'login6', 'user6@example.com', 'PhoneNumber6', 'pswd6', NULL, NULL, 0, NULL, '9c844015-ee9f-4b9b-939c-577b348828eb', NULL, NULL, NULL, NULL, NULL);
INSERT INTO public."UserAccounts" ("Id", "Login", "Email", "PhoneNumber", "Password", "Photo", "PhotoUrl", "Status", "LastSeenDt", "Uid", "Name", "Description", "BusinessEntityStatus", "DateCreated", "DateChanged") VALUES (42, 'login12', 'user12@example.com', 'PhoneNumber12', 'pswd12', NULL, NULL, 0, NULL, 'f27dc75b-2361-4031-9f6a-bd87f7118926', NULL, NULL, NULL, NULL, NULL);
INSERT INTO public."UserAccounts" ("Id", "Login", "Email", "PhoneNumber", "Password", "Photo", "PhotoUrl", "Status", "LastSeenDt", "Uid", "Name", "Description", "BusinessEntityStatus", "DateCreated", "DateChanged") VALUES (48, 'login18', 'user18@example.com', 'PhoneNumber18', 'pswd18', NULL, NULL, 0, NULL, '0265585e-097e-4dcd-a10e-772b859663de', NULL, NULL, NULL, NULL, NULL);
INSERT INTO public."UserAccounts" ("Id", "Login", "Email", "PhoneNumber", "Password", "Photo", "PhotoUrl", "Status", "LastSeenDt", "Uid", "Name", "Description", "BusinessEntityStatus", "DateCreated", "DateChanged") VALUES (54, 'login24', 'user24@example.com', 'PhoneNumber24', 'pswd24', NULL, NULL, 0, NULL, '09316a7f-d9a9-498b-a54c-7fbe061e1adc', NULL, NULL, NULL, NULL, NULL);
INSERT INTO public."UserAccounts" ("Id", "Login", "Email", "PhoneNumber", "Password", "Photo", "PhotoUrl", "Status", "LastSeenDt", "Uid", "Name", "Description", "BusinessEntityStatus", "DateCreated", "DateChanged") VALUES (60, 'login30', 'user30@example.com', 'PhoneNumber30', 'pswd30', NULL, NULL, 0, NULL, '5b8858b2-ede2-4df1-8510-e8c1649edd54', NULL, NULL, NULL, NULL, NULL);


--
-- Data for Name: UserGroups; Type: TABLE DATA; Schema: public; Owner: postgres
--

INSERT INTO public."UserGroups" ("Id", "IsGroupByDefault", "IsSystem", "AuthorCreatedId", "DateChanged", "AuthorChangedId", "Uid", "Name", "Description", "BusinessEntityStatus", "DateCreated") VALUES (1, false, false, 31, '2024-05-09 01:28:07.509761-07', 31, 'a658e380-2d9c-49bc-a3cc-d1d93260bd4e', 'tech support', NULL, NULL, NULL);
INSERT INTO public."UserGroups" ("Id", "IsGroupByDefault", "IsSystem", "AuthorCreatedId", "DateChanged", "AuthorChangedId", "Uid", "Name", "Description", "BusinessEntityStatus", "DateCreated") VALUES (2, false, false, 31, '2024-05-09 01:28:07.509761-07', 31, 'f4cbf7d9-2a9c-4616-a0eb-b64a99c6c8db', 'customer', NULL, NULL, NULL);
INSERT INTO public."UserGroups" ("Id", "IsGroupByDefault", "IsSystem", "AuthorCreatedId", "DateChanged", "AuthorChangedId", "Uid", "Name", "Description", "BusinessEntityStatus", "DateCreated") VALUES (3, false, false, 31, '2024-05-09 01:28:07.509761-07', 31, '9a075eff-8a26-4340-b3b1-d37a71078770', 'manager', NULL, NULL, NULL);
INSERT INTO public."UserGroups" ("Id", "IsGroupByDefault", "IsSystem", "AuthorCreatedId", "DateChanged", "AuthorChangedId", "Uid", "Name", "Description", "BusinessEntityStatus", "DateCreated") VALUES (4, false, false, 31, '2024-05-09 01:28:07.509761-07', 31, '04cdf783-5f4c-4373-83a1-a73a42424a28', 'courier', NULL, NULL, NULL);
INSERT INTO public."UserGroups" ("Id", "IsGroupByDefault", "IsSystem", "AuthorCreatedId", "DateChanged", "AuthorChangedId", "Uid", "Name", "Description", "BusinessEntityStatus", "DateCreated") VALUES (5, false, false, 31, '2024-05-09 01:28:07.509761-07', 31, '1ba44b05-27d5-44c0-87fd-d33c4d1b4f34', 'warehouse employee', NULL, NULL, NULL);
INSERT INTO public."UserGroups" ("Id", "IsGroupByDefault", "IsSystem", "AuthorCreatedId", "DateChanged", "AuthorChangedId", "Uid", "Name", "Description", "BusinessEntityStatus", "DateCreated") VALUES (6, false, false, 31, '2024-05-09 01:28:07.509761-07', 31, '2f4496c8-a24b-4acc-9002-8af0631a0ef9', 'kitchen employee', NULL, NULL, NULL);


--
-- Data for Name: WHProducts; Type: TABLE DATA; Schema: public; Owner: postgres
--

INSERT INTO public."WHProducts" ("Id", "ProductId", "Quantity", "MinQuantity", "MaxQuantity", "Uid", "Name", "Description", "BusinessEntityStatus", "DateCreated", "DateChanged") VALUES (10, 10, 0, 0, 0, '73e46ff2-69a3-4dc9-90ca-556d45f73e52', 'WHProduct 1', NULL, NULL, NULL, NULL);
INSERT INTO public."WHProducts" ("Id", "ProductId", "Quantity", "MinQuantity", "MaxQuantity", "Uid", "Name", "Description", "BusinessEntityStatus", "DateCreated", "DateChanged") VALUES (11, 11, 0, 0, 0, '386dd510-a5d9-4be8-9188-240dd2d56528', 'WHProduct 2', NULL, NULL, NULL, NULL);
INSERT INTO public."WHProducts" ("Id", "ProductId", "Quantity", "MinQuantity", "MaxQuantity", "Uid", "Name", "Description", "BusinessEntityStatus", "DateCreated", "DateChanged") VALUES (12, 12, 0, 0, 0, '1953f75a-710f-4fd7-a2b1-36e8f101c6c3', 'WHProduct 3', NULL, NULL, NULL, NULL);
INSERT INTO public."WHProducts" ("Id", "ProductId", "Quantity", "MinQuantity", "MaxQuantity", "Uid", "Name", "Description", "BusinessEntityStatus", "DateCreated", "DateChanged") VALUES (13, 13, 10, 3, 39, '33fed59b-c539-440d-806f-fd0fbdcfeacb', 'WHProduct 4', NULL, NULL, NULL, NULL);
INSERT INTO public."WHProducts" ("Id", "ProductId", "Quantity", "MinQuantity", "MaxQuantity", "Uid", "Name", "Description", "BusinessEntityStatus", "DateCreated", "DateChanged") VALUES (14, 14, 14, 3, 42, 'ec2e0645-7c0c-4fd6-aef0-bd4bdb8edd7b', 'WHProduct 5', NULL, NULL, NULL, NULL);
INSERT INTO public."WHProducts" ("Id", "ProductId", "Quantity", "MinQuantity", "MaxQuantity", "Uid", "Name", "Description", "BusinessEntityStatus", "DateCreated", "DateChanged") VALUES (15, 15, 15, 3, 37, '3bba43b5-8f0b-4233-86e7-a305d3b87988', 'WHProduct 6', NULL, NULL, NULL, NULL);
INSERT INTO public."WHProducts" ("Id", "ProductId", "Quantity", "MinQuantity", "MaxQuantity", "Uid", "Name", "Description", "BusinessEntityStatus", "DateCreated", "DateChanged") VALUES (16, 16, 6, 3, 28, 'c8409262-70f4-40da-8165-cb9572361a50', 'WHProduct 7', NULL, NULL, NULL, NULL);
INSERT INTO public."WHProducts" ("Id", "ProductId", "Quantity", "MinQuantity", "MaxQuantity", "Uid", "Name", "Description", "BusinessEntityStatus", "DateCreated", "DateChanged") VALUES (17, 17, 15, 3, 40, '7fcf4308-e9ef-49cb-b483-bef788276eb6', 'WHProduct 8', NULL, NULL, NULL, NULL);
INSERT INTO public."WHProducts" ("Id", "ProductId", "Quantity", "MinQuantity", "MaxQuantity", "Uid", "Name", "Description", "BusinessEntityStatus", "DateCreated", "DateChanged") VALUES (18, 18, 15, 4, 41, '4b6b6988-cc2b-404b-adf4-33018a96c9d8', 'WHProduct 9', NULL, NULL, NULL, NULL);


--
-- Data for Name: WorkflowInstanceMember; Type: TABLE DATA; Schema: public; Owner: postgres
--



--
-- Data for Name: WorkflowInstances; Type: TABLE DATA; Schema: public; Owner: postgres
--

INSERT INTO public."WorkflowInstances" ("Id", "BusinessProcessId", "DateEndActual", "DateEndExpected", "DateStartActual", "DateStartExpected", "InitiatorId", "IsEmulation", "ParentInstanceId", "Uid", "Name", "Description", "BusinessEntityStatus", "DateCreated", "DateChanged") VALUES (1, 1, NULL, NULL, NULL, NULL, NULL, false, NULL, 'd93ca552-d735-4d40-8b9c-ac1f0d84bc5a', 'Workflow instance of BusinessProcess #1 (name: ''Delivering of the order'') - 2024/05/09 08:56:28', NULL, NULL, NULL, NULL);
INSERT INTO public."WorkflowInstances" ("Id", "BusinessProcessId", "DateEndActual", "DateEndExpected", "DateStartActual", "DateStartExpected", "InitiatorId", "IsEmulation", "ParentInstanceId", "Uid", "Name", "Description", "BusinessEntityStatus", "DateCreated", "DateChanged") VALUES (2, 1, NULL, NULL, NULL, NULL, NULL, false, NULL, 'f74b2e1e-916e-4076-9f62-5a50382fc585', 'Workflow instance of BusinessProcess #1 (name: ''Delivering of the order'') - 2024/05/10 04:50:30', NULL, NULL, NULL, NULL);
INSERT INTO public."WorkflowInstances" ("Id", "BusinessProcessId", "DateEndActual", "DateEndExpected", "DateStartActual", "DateStartExpected", "InitiatorId", "IsEmulation", "ParentInstanceId", "Uid", "Name", "Description", "BusinessEntityStatus", "DateCreated", "DateChanged") VALUES (3, 1, NULL, NULL, NULL, NULL, NULL, false, NULL, 'b56a5b8f-61d8-4600-9723-4bd965ca8a99', 'Workflow instance of BusinessProcess #1 (name: ''Delivering of the order'') - 2024/05/10 05:59:25', NULL, NULL, NULL, NULL);
INSERT INTO public."WorkflowInstances" ("Id", "BusinessProcessId", "DateEndActual", "DateEndExpected", "DateStartActual", "DateStartExpected", "InitiatorId", "IsEmulation", "ParentInstanceId", "Uid", "Name", "Description", "BusinessEntityStatus", "DateCreated", "DateChanged") VALUES (4, 1, NULL, NULL, NULL, NULL, NULL, false, NULL, '6aba0c25-873e-4cd2-a75a-77a9d15a302a', 'Workflow instance of BusinessProcess #1 (name: ''Delivering of the order'') - 2024/05/13 04:44:25', NULL, NULL, NULL, NULL);


--
-- Data for Name: WorkflowTrackingItems; Type: TABLE DATA; Schema: public; Owner: postgres
--

INSERT INTO public."WorkflowTrackingItems" ("Id", "WorkflowInstanceId", "ActiveTaskId", "BDEConnectorId", "DateChanged", "CommentId", "Status", "Uid", "Name", "Description", "BusinessEntityStatus", "DateCreated") VALUES (1, 1, 1, NULL, NULL, NULL, 0, NULL, NULL, NULL, NULL, NULL);
INSERT INTO public."WorkflowTrackingItems" ("Id", "WorkflowInstanceId", "ActiveTaskId", "BDEConnectorId", "DateChanged", "CommentId", "Status", "Uid", "Name", "Description", "BusinessEntityStatus", "DateCreated") VALUES (2, 1, 2, NULL, NULL, NULL, 0, NULL, NULL, NULL, NULL, NULL);
INSERT INTO public."WorkflowTrackingItems" ("Id", "WorkflowInstanceId", "ActiveTaskId", "BDEConnectorId", "DateChanged", "CommentId", "Status", "Uid", "Name", "Description", "BusinessEntityStatus", "DateCreated") VALUES (3, 2, 3, NULL, NULL, NULL, 0, NULL, NULL, NULL, NULL, NULL);
INSERT INTO public."WorkflowTrackingItems" ("Id", "WorkflowInstanceId", "ActiveTaskId", "BDEConnectorId", "DateChanged", "CommentId", "Status", "Uid", "Name", "Description", "BusinessEntityStatus", "DateCreated") VALUES (4, 2, 4, NULL, NULL, NULL, 0, NULL, NULL, NULL, NULL, NULL);
INSERT INTO public."WorkflowTrackingItems" ("Id", "WorkflowInstanceId", "ActiveTaskId", "BDEConnectorId", "DateChanged", "CommentId", "Status", "Uid", "Name", "Description", "BusinessEntityStatus", "DateCreated") VALUES (5, 3, 5, NULL, NULL, NULL, 0, NULL, NULL, NULL, NULL, NULL);
INSERT INTO public."WorkflowTrackingItems" ("Id", "WorkflowInstanceId", "ActiveTaskId", "BDEConnectorId", "DateChanged", "CommentId", "Status", "Uid", "Name", "Description", "BusinessEntityStatus", "DateCreated") VALUES (6, 3, 6, NULL, NULL, NULL, 0, NULL, NULL, NULL, NULL, NULL);
INSERT INTO public."WorkflowTrackingItems" ("Id", "WorkflowInstanceId", "ActiveTaskId", "BDEConnectorId", "DateChanged", "CommentId", "Status", "Uid", "Name", "Description", "BusinessEntityStatus", "DateCreated") VALUES (7, 4, 7, NULL, NULL, NULL, 0, NULL, NULL, NULL, NULL, NULL);
INSERT INTO public."WorkflowTrackingItems" ("Id", "WorkflowInstanceId", "ActiveTaskId", "BDEConnectorId", "DateChanged", "CommentId", "Status", "Uid", "Name", "Description", "BusinessEntityStatus", "DateCreated") VALUES (8, 4, 8, NULL, NULL, NULL, 0, NULL, NULL, NULL, NULL, NULL);


--
-- Data for Name: __EFMigrationsHistory; Type: TABLE DATA; Schema: public; Owner: postgres
--

INSERT INTO public."__EFMigrationsHistory" ("MigrationId", "ProductVersion") VALUES ('20240503103755_InitialCreate', '6.0.1');
INSERT INTO public."__EFMigrationsHistory" ("MigrationId", "ProductVersion") VALUES ('20240503110950_UseDeliveryOrderIdInsteadOfExplicitType', '6.0.1');
INSERT INTO public."__EFMigrationsHistory" ("MigrationId", "ProductVersion") VALUES ('20240509081634_AddModelsForOrders', '6.0.1');
INSERT INTO public."__EFMigrationsHistory" ("MigrationId", "ProductVersion") VALUES ('20240513050259_AddDateCreatedIntoBusinessEntity', '6.0.1');
INSERT INTO public."__EFMigrationsHistory" ("MigrationId", "ProductVersion") VALUES ('20240515052420_RenamedDateTimeFields', '6.0.1');
INSERT INTO public."__EFMigrationsHistory" ("MigrationId", "ProductVersion") VALUES ('20240515054118_NullableStringFields', '6.0.1');
INSERT INTO public."__EFMigrationsHistory" ("MigrationId", "ProductVersion") VALUES ('20240519111849_InterfacesForDateTimeFields', '6.0.1');
INSERT INTO public."__EFMigrationsHistory" ("MigrationId", "ProductVersion") VALUES ('20240519113702_NullbableDateTimeInBusinessModels', '6.0.1');
INSERT INTO public."__EFMigrationsHistory" ("MigrationId", "ProductVersion") VALUES ('20240818055116_RenameCrmRoleType', '6.0.1');
INSERT INTO public."__EFMigrationsHistory" ("MigrationId", "ProductVersion") VALUES ('20241013051758_UpdateIssue50', '6.0.1');


--
-- Name: BDEConnector_Id_seq; Type: SEQUENCE SET; Schema: public; Owner: postgres
--

SELECT pg_catalog.setval('public."BDEConnector_Id_seq"', 1, false);


--
-- Name: BPStateEndpointCalls_Id_seq; Type: SEQUENCE SET; Schema: public; Owner: postgres
--

SELECT pg_catalog.setval('public."BPStateEndpointCalls_Id_seq"', 15, true);


--
-- Name: BusinessDiagramElement_Id_seq; Type: SEQUENCE SET; Schema: public; Owner: postgres
--

SELECT pg_catalog.setval('public."BusinessDiagramElement_Id_seq"', 1, false);


--
-- Name: BusinessDiagram_Id_seq; Type: SEQUENCE SET; Schema: public; Owner: postgres
--

SELECT pg_catalog.setval('public."BusinessDiagram_Id_seq"', 1, false);


--
-- Name: BusinessProcessStateTransitions_Id_seq; Type: SEQUENCE SET; Schema: public; Owner: postgres
--

SELECT pg_catalog.setval('public."BusinessProcessStateTransitions_Id_seq"', 4, true);


--
-- Name: BusinessProcessStates_Id_seq; Type: SEQUENCE SET; Schema: public; Owner: postgres
--

SELECT pg_catalog.setval('public."BusinessProcessStates_Id_seq"', 6, true);


--
-- Name: BusinessProcesses_Id_seq; Type: SEQUENCE SET; Schema: public; Owner: postgres
--

SELECT pg_catalog.setval('public."BusinessProcesses_Id_seq"', 1, true);


--
-- Name: BusinessTaskDeliveryOrders_Id_seq; Type: SEQUENCE SET; Schema: public; Owner: postgres
--

SELECT pg_catalog.setval('public."BusinessTaskDeliveryOrders_Id_seq"', 1, false);


--
-- Name: BusinessTasks_Id_seq; Type: SEQUENCE SET; Schema: public; Owner: postgres
--

SELECT pg_catalog.setval('public."BusinessTasks_Id_seq"', 8, true);


--
-- Name: Comment_Id_seq; Type: SEQUENCE SET; Schema: public; Owner: postgres
--

SELECT pg_catalog.setval('public."Comment_Id_seq"', 1, false);


--
-- Name: Company_Id_seq; Type: SEQUENCE SET; Schema: public; Owner: postgres
--

SELECT pg_catalog.setval('public."Company_Id_seq"', 1, true);


--
-- Name: Contact_Id_seq; Type: SEQUENCE SET; Schema: public; Owner: postgres
--

SELECT pg_catalog.setval('public."Contact_Id_seq"', 6, true);


--
-- Name: Contract_Id_seq; Type: SEQUENCE SET; Schema: public; Owner: postgres
--

SELECT pg_catalog.setval('public."Contract_Id_seq"', 1, false);


--
-- Name: Customer_Id_seq; Type: SEQUENCE SET; Schema: public; Owner: postgres
--

SELECT pg_catalog.setval('public."Customer_Id_seq"', 5, true);


--
-- Name: DbgLogs_Id_seq; Type: SEQUENCE SET; Schema: public; Owner: postgres
--

SELECT pg_catalog.setval('public."DbgLogs_Id_seq"', 23, true);


--
-- Name: DeliveryMethods_Id_seq; Type: SEQUENCE SET; Schema: public; Owner: postgres
--

SELECT pg_catalog.setval('public."DeliveryMethods_Id_seq"', 1, false);


--
-- Name: DeliveryOrderProducts_Id_seq; Type: SEQUENCE SET; Schema: public; Owner: postgres
--

SELECT pg_catalog.setval('public."DeliveryOrderProducts_Id_seq"', 1, false);


--
-- Name: Employee_Id_seq; Type: SEQUENCE SET; Schema: public; Owner: postgres
--

SELECT pg_catalog.setval('public."Employee_Id_seq"', 20, true);


--
-- Name: EndpointCalls_Id_seq; Type: SEQUENCE SET; Schema: public; Owner: postgres
--

SELECT pg_catalog.setval('public."EndpointCalls_Id_seq"', 15, true);


--
-- Name: EndpointTypes_Id_seq; Type: SEQUENCE SET; Schema: public; Owner: postgres
--

SELECT pg_catalog.setval('public."EndpointTypes_Id_seq"', 15, true);


--
-- Name: Endpoints_Id_seq; Type: SEQUENCE SET; Schema: public; Owner: postgres
--

SELECT pg_catalog.setval('public."Endpoints_Id_seq"', 5, true);


--
-- Name: Ingredients_Id_seq; Type: SEQUENCE SET; Schema: public; Owner: postgres
--

SELECT pg_catalog.setval('public."Ingredients_Id_seq"', 12, true);


--
-- Name: InitialOrderIngredients_Id_seq; Type: SEQUENCE SET; Schema: public; Owner: postgres
--

SELECT pg_catalog.setval('public."InitialOrderIngredients_Id_seq"', 24, true);


--
-- Name: InitialOrderProducts_Id_seq; Type: SEQUENCE SET; Schema: public; Owner: postgres
--

SELECT pg_catalog.setval('public."InitialOrderProducts_Id_seq"', 12, true);


--
-- Name: InitialOrders_Id_seq; Type: SEQUENCE SET; Schema: public; Owner: postgres
--

SELECT pg_catalog.setval('public."InitialOrders_Id_seq"', 4, true);


--
-- Name: Notifications_Id_seq; Type: SEQUENCE SET; Schema: public; Owner: postgres
--

SELECT pg_catalog.setval('public."Notifications_Id_seq"', 1, false);


--
-- Name: OrderProducts_Id_seq; Type: SEQUENCE SET; Schema: public; Owner: postgres
--

SELECT pg_catalog.setval('public."OrderProducts_Id_seq"', 1, false);


--
-- Name: Orders_Id_seq; Type: SEQUENCE SET; Schema: public; Owner: postgres
--

SELECT pg_catalog.setval('public."Orders_Id_seq"', 1, false);


--
-- Name: OrganizationItem_Id_seq; Type: SEQUENCE SET; Schema: public; Owner: postgres
--

SELECT pg_catalog.setval('public."OrganizationItem_Id_seq"', 6, true);


--
-- Name: Organization_Id_seq; Type: SEQUENCE SET; Schema: public; Owner: postgres
--

SELECT pg_catalog.setval('public."Organization_Id_seq"', 1, true);


--
-- Name: Payments_Id_seq; Type: SEQUENCE SET; Schema: public; Owner: postgres
--

SELECT pg_catalog.setval('public."Payments_Id_seq"', 1, false);


--
-- Name: ProductCategories_Id_seq; Type: SEQUENCE SET; Schema: public; Owner: postgres
--

SELECT pg_catalog.setval('public."ProductCategories_Id_seq"', 4, true);


--
-- Name: ProductTransfers_Id_seq; Type: SEQUENCE SET; Schema: public; Owner: postgres
--

SELECT pg_catalog.setval('public."ProductTransfers_Id_seq"', 1, false);


--
-- Name: Products_Id_seq; Type: SEQUENCE SET; Schema: public; Owner: postgres
--

SELECT pg_catalog.setval('public."Products_Id_seq"', 18, true);


--
-- Name: ProjectPhase_Id_seq; Type: SEQUENCE SET; Schema: public; Owner: postgres
--

SELECT pg_catalog.setval('public."ProjectPhase_Id_seq"', 1, false);


--
-- Name: ProjectPlanItem_Id_seq; Type: SEQUENCE SET; Schema: public; Owner: postgres
--

SELECT pg_catalog.setval('public."ProjectPlanItem_Id_seq"', 1, false);


--
-- Name: Project_Id_seq; Type: SEQUENCE SET; Schema: public; Owner: postgres
--

SELECT pg_catalog.setval('public."Project_Id_seq"', 1, false);


--
-- Name: Recipes_Id_seq; Type: SEQUENCE SET; Schema: public; Owner: postgres
--

SELECT pg_catalog.setval('public."Recipes_Id_seq"', 3, true);


--
-- Name: Risk_Id_seq; Type: SEQUENCE SET; Schema: public; Owner: postgres
--

SELECT pg_catalog.setval('public."Risk_Id_seq"', 1, false);


--
-- Name: Skill_Id_seq; Type: SEQUENCE SET; Schema: public; Owner: postgres
--

SELECT pg_catalog.setval('public."Skill_Id_seq"', 1, false);


--
-- Name: UserAccountGroups_Id_seq; Type: SEQUENCE SET; Schema: public; Owner: postgres
--

SELECT pg_catalog.setval('public."UserAccountGroups_Id_seq"', 1, false);


--
-- Name: UserAccount_Id_seq; Type: SEQUENCE SET; Schema: public; Owner: postgres
--

SELECT pg_catalog.setval('public."UserAccount_Id_seq"', 60, true);


--
-- Name: UserGroups_Id_seq; Type: SEQUENCE SET; Schema: public; Owner: postgres
--

SELECT pg_catalog.setval('public."UserGroups_Id_seq"', 6, true);


--
-- Name: WHProducts_Id_seq; Type: SEQUENCE SET; Schema: public; Owner: postgres
--

SELECT pg_catalog.setval('public."WHProducts_Id_seq"', 18, true);


--
-- Name: WorkflowInstanceMember_Id_seq; Type: SEQUENCE SET; Schema: public; Owner: postgres
--

SELECT pg_catalog.setval('public."WorkflowInstanceMember_Id_seq"', 1, false);


--
-- Name: WorkflowInstances_Id_seq; Type: SEQUENCE SET; Schema: public; Owner: postgres
--

SELECT pg_catalog.setval('public."WorkflowInstances_Id_seq"', 4, true);


--
-- Name: WorkflowTrackingItems_Id_seq; Type: SEQUENCE SET; Schema: public; Owner: postgres
--

SELECT pg_catalog.setval('public."WorkflowTrackingItems_Id_seq"', 8, true);


--
-- Name: BDEConnector PK_BDEConnector; Type: CONSTRAINT; Schema: public; Owner: postgres
--

ALTER TABLE ONLY public."BDEConnector"
    ADD CONSTRAINT "PK_BDEConnector" PRIMARY KEY ("Id");


--
-- Name: BPStateEndpointCalls PK_BPStateEndpointCalls; Type: CONSTRAINT; Schema: public; Owner: postgres
--

ALTER TABLE ONLY public."BPStateEndpointCalls"
    ADD CONSTRAINT "PK_BPStateEndpointCalls" PRIMARY KEY ("Id");


--
-- Name: BusinessDiagram PK_BusinessDiagram; Type: CONSTRAINT; Schema: public; Owner: postgres
--

ALTER TABLE ONLY public."BusinessDiagram"
    ADD CONSTRAINT "PK_BusinessDiagram" PRIMARY KEY ("Id");


--
-- Name: BusinessDiagramElement PK_BusinessDiagramElement; Type: CONSTRAINT; Schema: public; Owner: postgres
--

ALTER TABLE ONLY public."BusinessDiagramElement"
    ADD CONSTRAINT "PK_BusinessDiagramElement" PRIMARY KEY ("Id");


--
-- Name: BusinessProcessStateTransitions PK_BusinessProcessStateTransitions; Type: CONSTRAINT; Schema: public; Owner: postgres
--

ALTER TABLE ONLY public."BusinessProcessStateTransitions"
    ADD CONSTRAINT "PK_BusinessProcessStateTransitions" PRIMARY KEY ("Id");


--
-- Name: BusinessProcessStates PK_BusinessProcessStates; Type: CONSTRAINT; Schema: public; Owner: postgres
--

ALTER TABLE ONLY public."BusinessProcessStates"
    ADD CONSTRAINT "PK_BusinessProcessStates" PRIMARY KEY ("Id");


--
-- Name: BusinessProcesses PK_BusinessProcesses; Type: CONSTRAINT; Schema: public; Owner: postgres
--

ALTER TABLE ONLY public."BusinessProcesses"
    ADD CONSTRAINT "PK_BusinessProcesses" PRIMARY KEY ("Id");


--
-- Name: BusinessTaskDeliveryOrders PK_BusinessTaskDeliveryOrders; Type: CONSTRAINT; Schema: public; Owner: postgres
--

ALTER TABLE ONLY public."BusinessTaskDeliveryOrders"
    ADD CONSTRAINT "PK_BusinessTaskDeliveryOrders" PRIMARY KEY ("Id");


--
-- Name: BusinessTasks PK_BusinessTasks; Type: CONSTRAINT; Schema: public; Owner: postgres
--

ALTER TABLE ONLY public."BusinessTasks"
    ADD CONSTRAINT "PK_BusinessTasks" PRIMARY KEY ("Id");


--
-- Name: Comments PK_Comments; Type: CONSTRAINT; Schema: public; Owner: postgres
--

ALTER TABLE ONLY public."Comments"
    ADD CONSTRAINT "PK_Comments" PRIMARY KEY ("Id");


--
-- Name: Companies PK_Companies; Type: CONSTRAINT; Schema: public; Owner: postgres
--

ALTER TABLE ONLY public."Companies"
    ADD CONSTRAINT "PK_Companies" PRIMARY KEY ("Id");


--
-- Name: CompanyContract PK_CompanyContract; Type: CONSTRAINT; Schema: public; Owner: postgres
--

ALTER TABLE ONLY public."CompanyContract"
    ADD CONSTRAINT "PK_CompanyContract" PRIMARY KEY ("ContractsId", "CustomerCompaniesId");


--
-- Name: CompanyEmployee PK_CompanyEmployee; Type: CONSTRAINT; Schema: public; Owner: postgres
--

ALTER TABLE ONLY public."CompanyEmployee"
    ADD CONSTRAINT "PK_CompanyEmployee" PRIMARY KEY ("CompaniesId", "EmployeesId");


--
-- Name: Contacts PK_Contacts; Type: CONSTRAINT; Schema: public; Owner: postgres
--

ALTER TABLE ONLY public."Contacts"
    ADD CONSTRAINT "PK_Contacts" PRIMARY KEY ("Id");


--
-- Name: Contract PK_Contract; Type: CONSTRAINT; Schema: public; Owner: postgres
--

ALTER TABLE ONLY public."Contract"
    ADD CONSTRAINT "PK_Contract" PRIMARY KEY ("Id");


--
-- Name: ContractCustomer PK_ContractCustomer; Type: CONSTRAINT; Schema: public; Owner: postgres
--

ALTER TABLE ONLY public."ContractCustomer"
    ADD CONSTRAINT "PK_ContractCustomer" PRIMARY KEY ("ContractsId", "CustomersId");


--
-- Name: ContractEmployee PK_ContractEmployee; Type: CONSTRAINT; Schema: public; Owner: postgres
--

ALTER TABLE ONLY public."ContractEmployee"
    ADD CONSTRAINT "PK_ContractEmployee" PRIMARY KEY ("ContractsId", "OurEmployeesId");


--
-- Name: ContractOrganization PK_ContractOrganization; Type: CONSTRAINT; Schema: public; Owner: postgres
--

ALTER TABLE ONLY public."ContractOrganization"
    ADD CONSTRAINT "PK_ContractOrganization" PRIMARY KEY ("ContractsId", "OurOrganizationsId");


--
-- Name: Customers PK_Customers; Type: CONSTRAINT; Schema: public; Owner: postgres
--

ALTER TABLE ONLY public."Customers"
    ADD CONSTRAINT "PK_Customers" PRIMARY KEY ("Id");


--
-- Name: DbgLogs PK_DbgLogs; Type: CONSTRAINT; Schema: public; Owner: postgres
--

ALTER TABLE ONLY public."DbgLogs"
    ADD CONSTRAINT "PK_DbgLogs" PRIMARY KEY ("Id");


--
-- Name: DeliveryMethods PK_DeliveryMethods; Type: CONSTRAINT; Schema: public; Owner: postgres
--

ALTER TABLE ONLY public."DeliveryMethods"
    ADD CONSTRAINT "PK_DeliveryMethods" PRIMARY KEY ("Id");


--
-- Name: DeliveryOrderProducts PK_DeliveryOrderProducts; Type: CONSTRAINT; Schema: public; Owner: postgres
--

ALTER TABLE ONLY public."DeliveryOrderProducts"
    ADD CONSTRAINT "PK_DeliveryOrderProducts" PRIMARY KEY ("Id");


--
-- Name: EmployeeOrganizationItem PK_EmployeeOrganizationItem; Type: CONSTRAINT; Schema: public; Owner: postgres
--

ALTER TABLE ONLY public."EmployeeOrganizationItem"
    ADD CONSTRAINT "PK_EmployeeOrganizationItem" PRIMARY KEY ("EmployeesId", "OrganizationItemsId");


--
-- Name: Employees PK_Employees; Type: CONSTRAINT; Schema: public; Owner: postgres
--

ALTER TABLE ONLY public."Employees"
    ADD CONSTRAINT "PK_Employees" PRIMARY KEY ("Id");


--
-- Name: EndpointCalls PK_EndpointCalls; Type: CONSTRAINT; Schema: public; Owner: postgres
--

ALTER TABLE ONLY public."EndpointCalls"
    ADD CONSTRAINT "PK_EndpointCalls" PRIMARY KEY ("Id");


--
-- Name: EndpointTypes PK_EndpointTypes; Type: CONSTRAINT; Schema: public; Owner: postgres
--

ALTER TABLE ONLY public."EndpointTypes"
    ADD CONSTRAINT "PK_EndpointTypes" PRIMARY KEY ("Id");


--
-- Name: Endpoints PK_Endpoints; Type: CONSTRAINT; Schema: public; Owner: postgres
--

ALTER TABLE ONLY public."Endpoints"
    ADD CONSTRAINT "PK_Endpoints" PRIMARY KEY ("Id");


--
-- Name: Ingredients PK_Ingredients; Type: CONSTRAINT; Schema: public; Owner: postgres
--

ALTER TABLE ONLY public."Ingredients"
    ADD CONSTRAINT "PK_Ingredients" PRIMARY KEY ("Id");


--
-- Name: InitialOrderIngredients PK_InitialOrderIngredients; Type: CONSTRAINT; Schema: public; Owner: postgres
--

ALTER TABLE ONLY public."InitialOrderIngredients"
    ADD CONSTRAINT "PK_InitialOrderIngredients" PRIMARY KEY ("Id");


--
-- Name: InitialOrderProducts PK_InitialOrderProducts; Type: CONSTRAINT; Schema: public; Owner: postgres
--

ALTER TABLE ONLY public."InitialOrderProducts"
    ADD CONSTRAINT "PK_InitialOrderProducts" PRIMARY KEY ("Id");


--
-- Name: InitialOrders PK_InitialOrders; Type: CONSTRAINT; Schema: public; Owner: postgres
--

ALTER TABLE ONLY public."InitialOrders"
    ADD CONSTRAINT "PK_InitialOrders" PRIMARY KEY ("Id");


--
-- Name: Notifications PK_Notifications; Type: CONSTRAINT; Schema: public; Owner: postgres
--

ALTER TABLE ONLY public."Notifications"
    ADD CONSTRAINT "PK_Notifications" PRIMARY KEY ("Id");


--
-- Name: OrderProducts PK_OrderProducts; Type: CONSTRAINT; Schema: public; Owner: postgres
--

ALTER TABLE ONLY public."OrderProducts"
    ADD CONSTRAINT "PK_OrderProducts" PRIMARY KEY ("Id");


--
-- Name: Orders PK_Orders; Type: CONSTRAINT; Schema: public; Owner: postgres
--

ALTER TABLE ONLY public."Orders"
    ADD CONSTRAINT "PK_Orders" PRIMARY KEY ("Id");


--
-- Name: OrganizationItems PK_OrganizationItems; Type: CONSTRAINT; Schema: public; Owner: postgres
--

ALTER TABLE ONLY public."OrganizationItems"
    ADD CONSTRAINT "PK_OrganizationItems" PRIMARY KEY ("Id");


--
-- Name: Organizations PK_Organizations; Type: CONSTRAINT; Schema: public; Owner: postgres
--

ALTER TABLE ONLY public."Organizations"
    ADD CONSTRAINT "PK_Organizations" PRIMARY KEY ("Id");


--
-- Name: Payments PK_Payments; Type: CONSTRAINT; Schema: public; Owner: postgres
--

ALTER TABLE ONLY public."Payments"
    ADD CONSTRAINT "PK_Payments" PRIMARY KEY ("Id");


--
-- Name: ProductCategories PK_ProductCategories; Type: CONSTRAINT; Schema: public; Owner: postgres
--

ALTER TABLE ONLY public."ProductCategories"
    ADD CONSTRAINT "PK_ProductCategories" PRIMARY KEY ("Id");


--
-- Name: ProductTransfers PK_ProductTransfers; Type: CONSTRAINT; Schema: public; Owner: postgres
--

ALTER TABLE ONLY public."ProductTransfers"
    ADD CONSTRAINT "PK_ProductTransfers" PRIMARY KEY ("Id");


--
-- Name: Products PK_Products; Type: CONSTRAINT; Schema: public; Owner: postgres
--

ALTER TABLE ONLY public."Products"
    ADD CONSTRAINT "PK_Products" PRIMARY KEY ("Id");


--
-- Name: Project PK_Project; Type: CONSTRAINT; Schema: public; Owner: postgres
--

ALTER TABLE ONLY public."Project"
    ADD CONSTRAINT "PK_Project" PRIMARY KEY ("Id");


--
-- Name: ProjectPhase PK_ProjectPhase; Type: CONSTRAINT; Schema: public; Owner: postgres
--

ALTER TABLE ONLY public."ProjectPhase"
    ADD CONSTRAINT "PK_ProjectPhase" PRIMARY KEY ("Id");


--
-- Name: ProjectPlanItem PK_ProjectPlanItem; Type: CONSTRAINT; Schema: public; Owner: postgres
--

ALTER TABLE ONLY public."ProjectPlanItem"
    ADD CONSTRAINT "PK_ProjectPlanItem" PRIMARY KEY ("Id");


--
-- Name: Recipes PK_Recipes; Type: CONSTRAINT; Schema: public; Owner: postgres
--

ALTER TABLE ONLY public."Recipes"
    ADD CONSTRAINT "PK_Recipes" PRIMARY KEY ("Id");


--
-- Name: Risk PK_Risk; Type: CONSTRAINT; Schema: public; Owner: postgres
--

ALTER TABLE ONLY public."Risk"
    ADD CONSTRAINT "PK_Risk" PRIMARY KEY ("Id");


--
-- Name: Skill PK_Skill; Type: CONSTRAINT; Schema: public; Owner: postgres
--

ALTER TABLE ONLY public."Skill"
    ADD CONSTRAINT "PK_Skill" PRIMARY KEY ("Id");


--
-- Name: UserAccountGroups PK_UserAccountGroups; Type: CONSTRAINT; Schema: public; Owner: postgres
--

ALTER TABLE ONLY public."UserAccountGroups"
    ADD CONSTRAINT "PK_UserAccountGroups" PRIMARY KEY ("Id");


--
-- Name: UserAccounts PK_UserAccounts; Type: CONSTRAINT; Schema: public; Owner: postgres
--

ALTER TABLE ONLY public."UserAccounts"
    ADD CONSTRAINT "PK_UserAccounts" PRIMARY KEY ("Id");


--
-- Name: UserGroups PK_UserGroups; Type: CONSTRAINT; Schema: public; Owner: postgres
--

ALTER TABLE ONLY public."UserGroups"
    ADD CONSTRAINT "PK_UserGroups" PRIMARY KEY ("Id");


--
-- Name: WHProducts PK_WHProducts; Type: CONSTRAINT; Schema: public; Owner: postgres
--

ALTER TABLE ONLY public."WHProducts"
    ADD CONSTRAINT "PK_WHProducts" PRIMARY KEY ("Id");


--
-- Name: WorkflowInstanceMember PK_WorkflowInstanceMember; Type: CONSTRAINT; Schema: public; Owner: postgres
--

ALTER TABLE ONLY public."WorkflowInstanceMember"
    ADD CONSTRAINT "PK_WorkflowInstanceMember" PRIMARY KEY ("Id");


--
-- Name: WorkflowInstances PK_WorkflowInstances; Type: CONSTRAINT; Schema: public; Owner: postgres
--

ALTER TABLE ONLY public."WorkflowInstances"
    ADD CONSTRAINT "PK_WorkflowInstances" PRIMARY KEY ("Id");


--
-- Name: WorkflowTrackingItems PK_WorkflowTrackingItems; Type: CONSTRAINT; Schema: public; Owner: postgres
--

ALTER TABLE ONLY public."WorkflowTrackingItems"
    ADD CONSTRAINT "PK_WorkflowTrackingItems" PRIMARY KEY ("Id");


--
-- Name: __EFMigrationsHistory PK___EFMigrationsHistory; Type: CONSTRAINT; Schema: public; Owner: postgres
--

ALTER TABLE ONLY public."__EFMigrationsHistory"
    ADD CONSTRAINT "PK___EFMigrationsHistory" PRIMARY KEY ("MigrationId");


--
-- Name: IX_BDEConnector_StartElementId; Type: INDEX; Schema: public; Owner: postgres
--

CREATE INDEX "IX_BDEConnector_StartElementId" ON public."BDEConnector" USING btree ("StartElementId");


--
-- Name: IX_BPStateEndpointCalls_BusinessProcessStateId; Type: INDEX; Schema: public; Owner: postgres
--

CREATE INDEX "IX_BPStateEndpointCalls_BusinessProcessStateId" ON public."BPStateEndpointCalls" USING btree ("BusinessProcessStateId");


--
-- Name: IX_BPStateEndpointCalls_EndpointCallId; Type: INDEX; Schema: public; Owner: postgres
--

CREATE INDEX "IX_BPStateEndpointCalls_EndpointCallId" ON public."BPStateEndpointCalls" USING btree ("EndpointCallId");


--
-- Name: IX_BusinessDiagramElement_BusinessDiagramId; Type: INDEX; Schema: public; Owner: postgres
--

CREATE INDEX "IX_BusinessDiagramElement_BusinessDiagramId" ON public."BusinessDiagramElement" USING btree ("BusinessDiagramId");


--
-- Name: IX_BusinessProcessStateTransitions_BusinessProcessId; Type: INDEX; Schema: public; Owner: postgres
--

CREATE INDEX "IX_BusinessProcessStateTransitions_BusinessProcessId" ON public."BusinessProcessStateTransitions" USING btree ("BusinessProcessId");


--
-- Name: IX_BusinessProcessStateTransitions_EndpointCallId; Type: INDEX; Schema: public; Owner: postgres
--

CREATE INDEX "IX_BusinessProcessStateTransitions_EndpointCallId" ON public."BusinessProcessStateTransitions" USING btree ("EndpointCallId");


--
-- Name: IX_BusinessProcessStateTransitions_FromStateId; Type: INDEX; Schema: public; Owner: postgres
--

CREATE INDEX "IX_BusinessProcessStateTransitions_FromStateId" ON public."BusinessProcessStateTransitions" USING btree ("FromStateId");


--
-- Name: IX_BusinessProcessStateTransitions_PreviousId; Type: INDEX; Schema: public; Owner: postgres
--

CREATE INDEX "IX_BusinessProcessStateTransitions_PreviousId" ON public."BusinessProcessStateTransitions" USING btree ("PreviousId");


--
-- Name: IX_BusinessProcessStateTransitions_ToStateId; Type: INDEX; Schema: public; Owner: postgres
--

CREATE INDEX "IX_BusinessProcessStateTransitions_ToStateId" ON public."BusinessProcessStateTransitions" USING btree ("ToStateId");


--
-- Name: IX_BusinessProcessStates_BusinessProcessId; Type: INDEX; Schema: public; Owner: postgres
--

CREATE INDEX "IX_BusinessProcessStates_BusinessProcessId" ON public."BusinessProcessStates" USING btree ("BusinessProcessId");


--
-- Name: IX_BusinessProcesses_DiagramId; Type: INDEX; Schema: public; Owner: postgres
--

CREATE INDEX "IX_BusinessProcesses_DiagramId" ON public."BusinessProcesses" USING btree ("DiagramId");


--
-- Name: IX_BusinessProcesses_ParentId; Type: INDEX; Schema: public; Owner: postgres
--

CREATE INDEX "IX_BusinessProcesses_ParentId" ON public."BusinessProcesses" USING btree ("ParentId");


--
-- Name: IX_BusinessTaskDeliveryOrders_BusinessTaskId; Type: INDEX; Schema: public; Owner: postgres
--

CREATE INDEX "IX_BusinessTaskDeliveryOrders_BusinessTaskId" ON public."BusinessTaskDeliveryOrders" USING btree ("BusinessTaskId");


--
-- Name: IX_BusinessTaskDeliveryOrders_DeliveryOrderId; Type: INDEX; Schema: public; Owner: postgres
--

CREATE INDEX "IX_BusinessTaskDeliveryOrders_DeliveryOrderId" ON public."BusinessTaskDeliveryOrders" USING btree ("DeliveryOrderId");


--
-- Name: IX_BusinessTasks_BusinessProcessStateId; Type: INDEX; Schema: public; Owner: postgres
--

CREATE INDEX "IX_BusinessTasks_BusinessProcessStateId" ON public."BusinessTasks" USING btree ("BusinessProcessStateId");


--
-- Name: IX_BusinessTasks_ContactId; Type: INDEX; Schema: public; Owner: postgres
--

CREATE INDEX "IX_BusinessTasks_ContactId" ON public."BusinessTasks" USING btree ("ContactId");


--
-- Name: IX_BusinessTasks_DeliveryMethodId; Type: INDEX; Schema: public; Owner: postgres
--

CREATE INDEX "IX_BusinessTasks_DeliveryMethodId" ON public."BusinessTasks" USING btree ("DeliveryMethodId");


--
-- Name: IX_BusinessTasks_ExecutorId; Type: INDEX; Schema: public; Owner: postgres
--

CREATE INDEX "IX_BusinessTasks_ExecutorId" ON public."BusinessTasks" USING btree ("ExecutorId");


--
-- Name: IX_BusinessTasks_ExecutorIsEmulationId; Type: INDEX; Schema: public; Owner: postgres
--

CREATE INDEX "IX_BusinessTasks_ExecutorIsEmulationId" ON public."BusinessTasks" USING btree ("ExecutorIsEmulationId");


--
-- Name: IX_BusinessTasks_ExecutorReplacedId; Type: INDEX; Schema: public; Owner: postgres
--

CREATE INDEX "IX_BusinessTasks_ExecutorReplacedId" ON public."BusinessTasks" USING btree ("ExecutorReplacedId");


--
-- Name: IX_BusinessTasks_ParentTaskId; Type: INDEX; Schema: public; Owner: postgres
--

CREATE INDEX "IX_BusinessTasks_ParentTaskId" ON public."BusinessTasks" USING btree ("ParentTaskId");


--
-- Name: IX_Comments_AuthorCreatedId; Type: INDEX; Schema: public; Owner: postgres
--

CREATE INDEX "IX_Comments_AuthorCreatedId" ON public."Comments" USING btree ("AuthorCreatedId");


--
-- Name: IX_Comments_BusinessTaskId; Type: INDEX; Schema: public; Owner: postgres
--

CREATE INDEX "IX_Comments_BusinessTaskId" ON public."Comments" USING btree ("BusinessTaskId");


--
-- Name: IX_Comments_WorkflowInstanceId; Type: INDEX; Schema: public; Owner: postgres
--

CREATE INDEX "IX_Comments_WorkflowInstanceId" ON public."Comments" USING btree ("WorkflowInstanceId");


--
-- Name: IX_Companies_ContactId; Type: INDEX; Schema: public; Owner: postgres
--

CREATE INDEX "IX_Companies_ContactId" ON public."Companies" USING btree ("ContactId");


--
-- Name: IX_CompanyContract_CustomerCompaniesId; Type: INDEX; Schema: public; Owner: postgres
--

CREATE INDEX "IX_CompanyContract_CustomerCompaniesId" ON public."CompanyContract" USING btree ("CustomerCompaniesId");


--
-- Name: IX_CompanyEmployee_EmployeesId; Type: INDEX; Schema: public; Owner: postgres
--

CREATE INDEX "IX_CompanyEmployee_EmployeesId" ON public."CompanyEmployee" USING btree ("EmployeesId");


--
-- Name: IX_ContractCustomer_CustomersId; Type: INDEX; Schema: public; Owner: postgres
--

CREATE INDEX "IX_ContractCustomer_CustomersId" ON public."ContractCustomer" USING btree ("CustomersId");


--
-- Name: IX_ContractEmployee_OurEmployeesId; Type: INDEX; Schema: public; Owner: postgres
--

CREATE INDEX "IX_ContractEmployee_OurEmployeesId" ON public."ContractEmployee" USING btree ("OurEmployeesId");


--
-- Name: IX_ContractOrganization_OurOrganizationsId; Type: INDEX; Schema: public; Owner: postgres
--

CREATE INDEX "IX_ContractOrganization_OurOrganizationsId" ON public."ContractOrganization" USING btree ("OurOrganizationsId");


--
-- Name: IX_Customers_CompanyId; Type: INDEX; Schema: public; Owner: postgres
--

CREATE INDEX "IX_Customers_CompanyId" ON public."Customers" USING btree ("CompanyId");


--
-- Name: IX_Customers_ContactId; Type: INDEX; Schema: public; Owner: postgres
--

CREATE INDEX "IX_Customers_ContactId" ON public."Customers" USING btree ("ContactId");


--
-- Name: IX_Customers_UserAccountId; Type: INDEX; Schema: public; Owner: postgres
--

CREATE INDEX "IX_Customers_UserAccountId" ON public."Customers" USING btree ("UserAccountId");


--
-- Name: IX_DeliveryOrderProducts_DeliveryOrderId; Type: INDEX; Schema: public; Owner: postgres
--

CREATE INDEX "IX_DeliveryOrderProducts_DeliveryOrderId" ON public."DeliveryOrderProducts" USING btree ("DeliveryOrderId");


--
-- Name: IX_DeliveryOrderProducts_ProductId; Type: INDEX; Schema: public; Owner: postgres
--

CREATE INDEX "IX_DeliveryOrderProducts_ProductId" ON public."DeliveryOrderProducts" USING btree ("ProductId");


--
-- Name: IX_EmployeeOrganizationItem_OrganizationItemsId; Type: INDEX; Schema: public; Owner: postgres
--

CREATE INDEX "IX_EmployeeOrganizationItem_OrganizationItemsId" ON public."EmployeeOrganizationItem" USING btree ("OrganizationItemsId");


--
-- Name: IX_EndpointCalls_EndpointFromId; Type: INDEX; Schema: public; Owner: postgres
--

CREATE INDEX "IX_EndpointCalls_EndpointFromId" ON public."EndpointCalls" USING btree ("EndpointFromId");


--
-- Name: IX_EndpointCalls_EndpointToId; Type: INDEX; Schema: public; Owner: postgres
--

CREATE INDEX "IX_EndpointCalls_EndpointToId" ON public."EndpointCalls" USING btree ("EndpointToId");


--
-- Name: IX_EndpointCalls_EndpointTypeFromId; Type: INDEX; Schema: public; Owner: postgres
--

CREATE INDEX "IX_EndpointCalls_EndpointTypeFromId" ON public."EndpointCalls" USING btree ("EndpointTypeFromId");


--
-- Name: IX_EndpointCalls_EndpointTypeToId; Type: INDEX; Schema: public; Owner: postgres
--

CREATE INDEX "IX_EndpointCalls_EndpointTypeToId" ON public."EndpointCalls" USING btree ("EndpointTypeToId");


--
-- Name: IX_Endpoints_EndpointTypeId; Type: INDEX; Schema: public; Owner: postgres
--

CREATE INDEX "IX_Endpoints_EndpointTypeId" ON public."Endpoints" USING btree ("EndpointTypeId");


--
-- Name: IX_Ingredients_FinalProductId; Type: INDEX; Schema: public; Owner: postgres
--

CREATE INDEX "IX_Ingredients_FinalProductId" ON public."Ingredients" USING btree ("FinalProductId");


--
-- Name: IX_Ingredients_IngredientProductId; Type: INDEX; Schema: public; Owner: postgres
--

CREATE INDEX "IX_Ingredients_IngredientProductId" ON public."Ingredients" USING btree ("IngredientProductId");


--
-- Name: IX_Ingredients_RecipeId; Type: INDEX; Schema: public; Owner: postgres
--

CREATE INDEX "IX_Ingredients_RecipeId" ON public."Ingredients" USING btree ("RecipeId");


--
-- Name: IX_InitialOrderIngredients_CookingOperationId; Type: INDEX; Schema: public; Owner: postgres
--

CREATE INDEX "IX_InitialOrderIngredients_CookingOperationId" ON public."InitialOrderIngredients" USING btree ("CookingOperationId");


--
-- Name: IX_InitialOrderIngredients_DeliveryWh2KitchenId; Type: INDEX; Schema: public; Owner: postgres
--

CREATE INDEX "IX_InitialOrderIngredients_DeliveryWh2KitchenId" ON public."InitialOrderIngredients" USING btree ("DeliveryWh2KitchenId");


--
-- Name: IX_InitialOrderIngredients_IngredientId; Type: INDEX; Schema: public; Owner: postgres
--

CREATE INDEX "IX_InitialOrderIngredients_IngredientId" ON public."InitialOrderIngredients" USING btree ("IngredientId");


--
-- Name: IX_InitialOrderIngredients_InitialOrderId; Type: INDEX; Schema: public; Owner: postgres
--

CREATE INDEX "IX_InitialOrderIngredients_InitialOrderId" ON public."InitialOrderIngredients" USING btree ("InitialOrderId");


--
-- Name: IX_InitialOrderIngredients_InitialOrderProductId; Type: INDEX; Schema: public; Owner: postgres
--

CREATE INDEX "IX_InitialOrderIngredients_InitialOrderProductId" ON public."InitialOrderIngredients" USING btree ("InitialOrderProductId");


--
-- Name: IX_InitialOrderProducts_CookingOperationId; Type: INDEX; Schema: public; Owner: postgres
--

CREATE INDEX "IX_InitialOrderProducts_CookingOperationId" ON public."InitialOrderProducts" USING btree ("CookingOperationId");


--
-- Name: IX_InitialOrderProducts_DeliveryKitchen2WhId; Type: INDEX; Schema: public; Owner: postgres
--

CREATE INDEX "IX_InitialOrderProducts_DeliveryKitchen2WhId" ON public."InitialOrderProducts" USING btree ("DeliveryKitchen2WhId");


--
-- Name: IX_InitialOrderProducts_DeliveryWh2KitchenId; Type: INDEX; Schema: public; Owner: postgres
--

CREATE INDEX "IX_InitialOrderProducts_DeliveryWh2KitchenId" ON public."InitialOrderProducts" USING btree ("DeliveryWh2KitchenId");


--
-- Name: IX_InitialOrderProducts_InitialOrderId; Type: INDEX; Schema: public; Owner: postgres
--

CREATE INDEX "IX_InitialOrderProducts_InitialOrderId" ON public."InitialOrderProducts" USING btree ("InitialOrderId");


--
-- Name: IX_InitialOrderProducts_ProductId; Type: INDEX; Schema: public; Owner: postgres
--

CREATE INDEX "IX_InitialOrderProducts_ProductId" ON public."InitialOrderProducts" USING btree ("ProductId");


--
-- Name: IX_InitialOrders_CookingOperationId; Type: INDEX; Schema: public; Owner: postgres
--

CREATE INDEX "IX_InitialOrders_CookingOperationId" ON public."InitialOrders" USING btree ("CookingOperationId");


--
-- Name: IX_InitialOrders_DeliveryKitchen2WhId; Type: INDEX; Schema: public; Owner: postgres
--

CREATE INDEX "IX_InitialOrders_DeliveryKitchen2WhId" ON public."InitialOrders" USING btree ("DeliveryKitchen2WhId");


--
-- Name: IX_InitialOrders_DeliveryWh2KitchenId; Type: INDEX; Schema: public; Owner: postgres
--

CREATE INDEX "IX_InitialOrders_DeliveryWh2KitchenId" ON public."InitialOrders" USING btree ("DeliveryWh2KitchenId");


--
-- Name: IX_OrderProducts_OrderId; Type: INDEX; Schema: public; Owner: postgres
--

CREATE INDEX "IX_OrderProducts_OrderId" ON public."OrderProducts" USING btree ("OrderId");


--
-- Name: IX_OrderProducts_ProductId; Type: INDEX; Schema: public; Owner: postgres
--

CREATE INDEX "IX_OrderProducts_ProductId" ON public."OrderProducts" USING btree ("ProductId");


--
-- Name: IX_Orders_DeliveryMethodId; Type: INDEX; Schema: public; Owner: postgres
--

CREATE INDEX "IX_Orders_DeliveryMethodId" ON public."Orders" USING btree ("DeliveryMethodId");


--
-- Name: IX_Orders_ParentDeliveryOrderId; Type: INDEX; Schema: public; Owner: postgres
--

CREATE INDEX "IX_Orders_ParentDeliveryOrderId" ON public."Orders" USING btree ("ParentDeliveryOrderId");


--
-- Name: IX_Orders_ParentOrderId; Type: INDEX; Schema: public; Owner: postgres
--

CREATE INDEX "IX_Orders_ParentOrderId" ON public."Orders" USING btree ("ParentOrderId");


--
-- Name: IX_OrganizationItems_ParentItemId; Type: INDEX; Schema: public; Owner: postgres
--

CREATE INDEX "IX_OrganizationItems_ParentItemId" ON public."OrganizationItems" USING btree ("ParentItemId");


--
-- Name: IX_Organizations_CompanyId; Type: INDEX; Schema: public; Owner: postgres
--

CREATE INDEX "IX_Organizations_CompanyId" ON public."Organizations" USING btree ("CompanyId");


--
-- Name: IX_Organizations_HeadItemId; Type: INDEX; Schema: public; Owner: postgres
--

CREATE INDEX "IX_Organizations_HeadItemId" ON public."Organizations" USING btree ("HeadItemId");


--
-- Name: IX_Payments_OrderId; Type: INDEX; Schema: public; Owner: postgres
--

CREATE INDEX "IX_Payments_OrderId" ON public."Payments" USING btree ("OrderId");


--
-- Name: IX_ProductTransfers_DeliveryOrderId; Type: INDEX; Schema: public; Owner: postgres
--

CREATE INDEX "IX_ProductTransfers_DeliveryOrderId" ON public."ProductTransfers" USING btree ("DeliveryOrderId");


--
-- Name: IX_ProductTransfers_DeliveryOrderProductId; Type: INDEX; Schema: public; Owner: postgres
--

CREATE INDEX "IX_ProductTransfers_DeliveryOrderProductId" ON public."ProductTransfers" USING btree ("DeliveryOrderProductId");


--
-- Name: IX_ProductTransfers_OrderId; Type: INDEX; Schema: public; Owner: postgres
--

CREATE INDEX "IX_ProductTransfers_OrderId" ON public."ProductTransfers" USING btree ("OrderId");


--
-- Name: IX_ProductTransfers_OrderProductId; Type: INDEX; Schema: public; Owner: postgres
--

CREATE INDEX "IX_ProductTransfers_OrderProductId" ON public."ProductTransfers" USING btree ("OrderProductId");


--
-- Name: IX_ProductTransfers_ParentId; Type: INDEX; Schema: public; Owner: postgres
--

CREATE INDEX "IX_ProductTransfers_ParentId" ON public."ProductTransfers" USING btree ("ParentId");


--
-- Name: IX_ProductTransfers_WHProductId; Type: INDEX; Schema: public; Owner: postgres
--

CREATE INDEX "IX_ProductTransfers_WHProductId" ON public."ProductTransfers" USING btree ("WHProductId");


--
-- Name: IX_Products_ProductCategoryId; Type: INDEX; Schema: public; Owner: postgres
--

CREATE INDEX "IX_Products_ProductCategoryId" ON public."Products" USING btree ("ProductCategoryId");


--
-- Name: IX_ProjectPhase_ProjectId; Type: INDEX; Schema: public; Owner: postgres
--

CREATE INDEX "IX_ProjectPhase_ProjectId" ON public."ProjectPhase" USING btree ("ProjectId");


--
-- Name: IX_ProjectPhase_ProjectPlanItemId; Type: INDEX; Schema: public; Owner: postgres
--

CREATE INDEX "IX_ProjectPhase_ProjectPlanItemId" ON public."ProjectPhase" USING btree ("ProjectPlanItemId");


--
-- Name: IX_ProjectPlanItem_ProjectPlanItemId; Type: INDEX; Schema: public; Owner: postgres
--

CREATE INDEX "IX_ProjectPlanItem_ProjectPlanItemId" ON public."ProjectPlanItem" USING btree ("ProjectPlanItemId");


--
-- Name: IX_Project_CompanyId; Type: INDEX; Schema: public; Owner: postgres
--

CREATE INDEX "IX_Project_CompanyId" ON public."Project" USING btree ("CompanyId");


--
-- Name: IX_Project_ContractId; Type: INDEX; Schema: public; Owner: postgres
--

CREATE INDEX "IX_Project_ContractId" ON public."Project" USING btree ("ContractId");


--
-- Name: IX_Project_CustomerId; Type: INDEX; Schema: public; Owner: postgres
--

CREATE INDEX "IX_Project_CustomerId" ON public."Project" USING btree ("CustomerId");


--
-- Name: IX_Project_ManagerId; Type: INDEX; Schema: public; Owner: postgres
--

CREATE INDEX "IX_Project_ManagerId" ON public."Project" USING btree ("ManagerId");


--
-- Name: IX_Recipes_ProductId; Type: INDEX; Schema: public; Owner: postgres
--

CREATE INDEX "IX_Recipes_ProductId" ON public."Recipes" USING btree ("ProductId");


--
-- Name: IX_Risk_AuthorChangedId; Type: INDEX; Schema: public; Owner: postgres
--

CREATE INDEX "IX_Risk_AuthorChangedId" ON public."Risk" USING btree ("AuthorChangedId");


--
-- Name: IX_Risk_AuthorCreatedId; Type: INDEX; Schema: public; Owner: postgres
--

CREATE INDEX "IX_Risk_AuthorCreatedId" ON public."Risk" USING btree ("AuthorCreatedId");


--
-- Name: IX_Risk_AuthorResolvedId; Type: INDEX; Schema: public; Owner: postgres
--

CREATE INDEX "IX_Risk_AuthorResolvedId" ON public."Risk" USING btree ("AuthorResolvedId");


--
-- Name: IX_Risk_BusinessTaskId; Type: INDEX; Schema: public; Owner: postgres
--

CREATE INDEX "IX_Risk_BusinessTaskId" ON public."Risk" USING btree ("BusinessTaskId");


--
-- Name: IX_Risk_ProjectId; Type: INDEX; Schema: public; Owner: postgres
--

CREATE INDEX "IX_Risk_ProjectId" ON public."Risk" USING btree ("ProjectId");


--
-- Name: IX_Skill_EmployeeId; Type: INDEX; Schema: public; Owner: postgres
--

CREATE INDEX "IX_Skill_EmployeeId" ON public."Skill" USING btree ("EmployeeId");


--
-- Name: IX_UserAccountGroups_UserAccountId; Type: INDEX; Schema: public; Owner: postgres
--

CREATE INDEX "IX_UserAccountGroups_UserAccountId" ON public."UserAccountGroups" USING btree ("UserAccountId");


--
-- Name: IX_UserAccountGroups_UserGroupId; Type: INDEX; Schema: public; Owner: postgres
--

CREATE INDEX "IX_UserAccountGroups_UserGroupId" ON public."UserAccountGroups" USING btree ("UserGroupId");


--
-- Name: IX_UserGroups_AuthorChangedId; Type: INDEX; Schema: public; Owner: postgres
--

CREATE INDEX "IX_UserGroups_AuthorChangedId" ON public."UserGroups" USING btree ("AuthorChangedId");


--
-- Name: IX_UserGroups_AuthorCreatedId; Type: INDEX; Schema: public; Owner: postgres
--

CREATE INDEX "IX_UserGroups_AuthorCreatedId" ON public."UserGroups" USING btree ("AuthorCreatedId");


--
-- Name: IX_WHProducts_ProductId; Type: INDEX; Schema: public; Owner: postgres
--

CREATE INDEX "IX_WHProducts_ProductId" ON public."WHProducts" USING btree ("ProductId");


--
-- Name: IX_WorkflowInstanceMember_BusinessTaskId; Type: INDEX; Schema: public; Owner: postgres
--

CREATE INDEX "IX_WorkflowInstanceMember_BusinessTaskId" ON public."WorkflowInstanceMember" USING btree ("BusinessTaskId");


--
-- Name: IX_WorkflowInstanceMember_InstanceId; Type: INDEX; Schema: public; Owner: postgres
--

CREATE INDEX "IX_WorkflowInstanceMember_InstanceId" ON public."WorkflowInstanceMember" USING btree ("InstanceId");


--
-- Name: IX_WorkflowInstanceMember_UserAccountId; Type: INDEX; Schema: public; Owner: postgres
--

CREATE INDEX "IX_WorkflowInstanceMember_UserAccountId" ON public."WorkflowInstanceMember" USING btree ("UserAccountId");


--
-- Name: IX_WorkflowInstances_BusinessProcessId; Type: INDEX; Schema: public; Owner: postgres
--

CREATE INDEX "IX_WorkflowInstances_BusinessProcessId" ON public."WorkflowInstances" USING btree ("BusinessProcessId");


--
-- Name: IX_WorkflowInstances_InitiatorId; Type: INDEX; Schema: public; Owner: postgres
--

CREATE INDEX "IX_WorkflowInstances_InitiatorId" ON public."WorkflowInstances" USING btree ("InitiatorId");


--
-- Name: IX_WorkflowInstances_ParentInstanceId; Type: INDEX; Schema: public; Owner: postgres
--

CREATE INDEX "IX_WorkflowInstances_ParentInstanceId" ON public."WorkflowInstances" USING btree ("ParentInstanceId");


--
-- Name: IX_WorkflowTrackingItems_ActiveTaskId; Type: INDEX; Schema: public; Owner: postgres
--

CREATE INDEX "IX_WorkflowTrackingItems_ActiveTaskId" ON public."WorkflowTrackingItems" USING btree ("ActiveTaskId");


--
-- Name: IX_WorkflowTrackingItems_BDEConnectorId; Type: INDEX; Schema: public; Owner: postgres
--

CREATE INDEX "IX_WorkflowTrackingItems_BDEConnectorId" ON public."WorkflowTrackingItems" USING btree ("BDEConnectorId");


--
-- Name: IX_WorkflowTrackingItems_CommentId; Type: INDEX; Schema: public; Owner: postgres
--

CREATE INDEX "IX_WorkflowTrackingItems_CommentId" ON public."WorkflowTrackingItems" USING btree ("CommentId");


--
-- Name: IX_WorkflowTrackingItems_WorkflowInstanceId; Type: INDEX; Schema: public; Owner: postgres
--

CREATE INDEX "IX_WorkflowTrackingItems_WorkflowInstanceId" ON public."WorkflowTrackingItems" USING btree ("WorkflowInstanceId");


--
-- Name: BDEConnector FK_BDEConnector_BusinessDiagramElement_StartElementId; Type: FK CONSTRAINT; Schema: public; Owner: postgres
--

ALTER TABLE ONLY public."BDEConnector"
    ADD CONSTRAINT "FK_BDEConnector_BusinessDiagramElement_StartElementId" FOREIGN KEY ("StartElementId") REFERENCES public."BusinessDiagramElement"("Id");


--
-- Name: BPStateEndpointCalls FK_BPStateEndpointCalls_BusinessProcessStates_BusinessProcessS~; Type: FK CONSTRAINT; Schema: public; Owner: postgres
--

ALTER TABLE ONLY public."BPStateEndpointCalls"
    ADD CONSTRAINT "FK_BPStateEndpointCalls_BusinessProcessStates_BusinessProcessS~" FOREIGN KEY ("BusinessProcessStateId") REFERENCES public."BusinessProcessStates"("Id") ON DELETE CASCADE;


--
-- Name: BPStateEndpointCalls FK_BPStateEndpointCalls_EndpointCalls_EndpointCallId; Type: FK CONSTRAINT; Schema: public; Owner: postgres
--

ALTER TABLE ONLY public."BPStateEndpointCalls"
    ADD CONSTRAINT "FK_BPStateEndpointCalls_EndpointCalls_EndpointCallId" FOREIGN KEY ("EndpointCallId") REFERENCES public."EndpointCalls"("Id") ON DELETE CASCADE;


--
-- Name: BusinessDiagramElement FK_BusinessDiagramElement_BusinessDiagram_BusinessDiagramId; Type: FK CONSTRAINT; Schema: public; Owner: postgres
--

ALTER TABLE ONLY public."BusinessDiagramElement"
    ADD CONSTRAINT "FK_BusinessDiagramElement_BusinessDiagram_BusinessDiagramId" FOREIGN KEY ("BusinessDiagramId") REFERENCES public."BusinessDiagram"("Id");


--
-- Name: BusinessProcessStateTransitions FK_BusinessProcessStateTransitions_BusinessProcessStateTransit~; Type: FK CONSTRAINT; Schema: public; Owner: postgres
--

ALTER TABLE ONLY public."BusinessProcessStateTransitions"
    ADD CONSTRAINT "FK_BusinessProcessStateTransitions_BusinessProcessStateTransit~" FOREIGN KEY ("PreviousId") REFERENCES public."BusinessProcessStateTransitions"("Id");


--
-- Name: BusinessProcessStateTransitions FK_BusinessProcessStateTransitions_BusinessProcessStates_FromS~; Type: FK CONSTRAINT; Schema: public; Owner: postgres
--

ALTER TABLE ONLY public."BusinessProcessStateTransitions"
    ADD CONSTRAINT "FK_BusinessProcessStateTransitions_BusinessProcessStates_FromS~" FOREIGN KEY ("FromStateId") REFERENCES public."BusinessProcessStates"("Id");


--
-- Name: BusinessProcessStateTransitions FK_BusinessProcessStateTransitions_BusinessProcessStates_ToSta~; Type: FK CONSTRAINT; Schema: public; Owner: postgres
--

ALTER TABLE ONLY public."BusinessProcessStateTransitions"
    ADD CONSTRAINT "FK_BusinessProcessStateTransitions_BusinessProcessStates_ToSta~" FOREIGN KEY ("ToStateId") REFERENCES public."BusinessProcessStates"("Id");


--
-- Name: BusinessProcessStateTransitions FK_BusinessProcessStateTransitions_BusinessProcesses_BusinessP~; Type: FK CONSTRAINT; Schema: public; Owner: postgres
--

ALTER TABLE ONLY public."BusinessProcessStateTransitions"
    ADD CONSTRAINT "FK_BusinessProcessStateTransitions_BusinessProcesses_BusinessP~" FOREIGN KEY ("BusinessProcessId") REFERENCES public."BusinessProcesses"("Id");


--
-- Name: BusinessProcessStateTransitions FK_BusinessProcessStateTransitions_EndpointCalls_EndpointCallId; Type: FK CONSTRAINT; Schema: public; Owner: postgres
--

ALTER TABLE ONLY public."BusinessProcessStateTransitions"
    ADD CONSTRAINT "FK_BusinessProcessStateTransitions_EndpointCalls_EndpointCallId" FOREIGN KEY ("EndpointCallId") REFERENCES public."EndpointCalls"("Id");


--
-- Name: BusinessProcessStates FK_BusinessProcessStates_BusinessProcesses_BusinessProcessId; Type: FK CONSTRAINT; Schema: public; Owner: postgres
--

ALTER TABLE ONLY public."BusinessProcessStates"
    ADD CONSTRAINT "FK_BusinessProcessStates_BusinessProcesses_BusinessProcessId" FOREIGN KEY ("BusinessProcessId") REFERENCES public."BusinessProcesses"("Id");


--
-- Name: BusinessProcesses FK_BusinessProcesses_BusinessDiagram_DiagramId; Type: FK CONSTRAINT; Schema: public; Owner: postgres
--

ALTER TABLE ONLY public."BusinessProcesses"
    ADD CONSTRAINT "FK_BusinessProcesses_BusinessDiagram_DiagramId" FOREIGN KEY ("DiagramId") REFERENCES public."BusinessDiagram"("Id");


--
-- Name: BusinessProcesses FK_BusinessProcesses_BusinessProcesses_ParentId; Type: FK CONSTRAINT; Schema: public; Owner: postgres
--

ALTER TABLE ONLY public."BusinessProcesses"
    ADD CONSTRAINT "FK_BusinessProcesses_BusinessProcesses_ParentId" FOREIGN KEY ("ParentId") REFERENCES public."BusinessProcesses"("Id");


--
-- Name: BusinessTaskDeliveryOrders FK_BusinessTaskDeliveryOrders_BusinessTasks_BusinessTaskId; Type: FK CONSTRAINT; Schema: public; Owner: postgres
--

ALTER TABLE ONLY public."BusinessTaskDeliveryOrders"
    ADD CONSTRAINT "FK_BusinessTaskDeliveryOrders_BusinessTasks_BusinessTaskId" FOREIGN KEY ("BusinessTaskId") REFERENCES public."BusinessTasks"("Id");


--
-- Name: BusinessTaskDeliveryOrders FK_BusinessTaskDeliveryOrders_Orders_DeliveryOrderId; Type: FK CONSTRAINT; Schema: public; Owner: postgres
--

ALTER TABLE ONLY public."BusinessTaskDeliveryOrders"
    ADD CONSTRAINT "FK_BusinessTaskDeliveryOrders_Orders_DeliveryOrderId" FOREIGN KEY ("DeliveryOrderId") REFERENCES public."Orders"("Id");


--
-- Name: BusinessTasks FK_BusinessTasks_BusinessProcessStates_BusinessProcessStateId; Type: FK CONSTRAINT; Schema: public; Owner: postgres
--

ALTER TABLE ONLY public."BusinessTasks"
    ADD CONSTRAINT "FK_BusinessTasks_BusinessProcessStates_BusinessProcessStateId" FOREIGN KEY ("BusinessProcessStateId") REFERENCES public."BusinessProcessStates"("Id");


--
-- Name: BusinessTasks FK_BusinessTasks_BusinessTasks_ParentTaskId; Type: FK CONSTRAINT; Schema: public; Owner: postgres
--

ALTER TABLE ONLY public."BusinessTasks"
    ADD CONSTRAINT "FK_BusinessTasks_BusinessTasks_ParentTaskId" FOREIGN KEY ("ParentTaskId") REFERENCES public."BusinessTasks"("Id");


--
-- Name: BusinessTasks FK_BusinessTasks_Contacts_ContactId; Type: FK CONSTRAINT; Schema: public; Owner: postgres
--

ALTER TABLE ONLY public."BusinessTasks"
    ADD CONSTRAINT "FK_BusinessTasks_Contacts_ContactId" FOREIGN KEY ("ContactId") REFERENCES public."Contacts"("Id");


--
-- Name: BusinessTasks FK_BusinessTasks_DeliveryMethods_DeliveryMethodId; Type: FK CONSTRAINT; Schema: public; Owner: postgres
--

ALTER TABLE ONLY public."BusinessTasks"
    ADD CONSTRAINT "FK_BusinessTasks_DeliveryMethods_DeliveryMethodId" FOREIGN KEY ("DeliveryMethodId") REFERENCES public."DeliveryMethods"("Id");


--
-- Name: BusinessTasks FK_BusinessTasks_UserAccounts_ExecutorId; Type: FK CONSTRAINT; Schema: public; Owner: postgres
--

ALTER TABLE ONLY public."BusinessTasks"
    ADD CONSTRAINT "FK_BusinessTasks_UserAccounts_ExecutorId" FOREIGN KEY ("ExecutorId") REFERENCES public."UserAccounts"("Id");


--
-- Name: BusinessTasks FK_BusinessTasks_UserAccounts_ExecutorIsEmulationId; Type: FK CONSTRAINT; Schema: public; Owner: postgres
--

ALTER TABLE ONLY public."BusinessTasks"
    ADD CONSTRAINT "FK_BusinessTasks_UserAccounts_ExecutorIsEmulationId" FOREIGN KEY ("ExecutorIsEmulationId") REFERENCES public."UserAccounts"("Id");


--
-- Name: BusinessTasks FK_BusinessTasks_UserAccounts_ExecutorReplacedId; Type: FK CONSTRAINT; Schema: public; Owner: postgres
--

ALTER TABLE ONLY public."BusinessTasks"
    ADD CONSTRAINT "FK_BusinessTasks_UserAccounts_ExecutorReplacedId" FOREIGN KEY ("ExecutorReplacedId") REFERENCES public."UserAccounts"("Id");


--
-- Name: Comments FK_Comments_BusinessTasks_BusinessTaskId; Type: FK CONSTRAINT; Schema: public; Owner: postgres
--

ALTER TABLE ONLY public."Comments"
    ADD CONSTRAINT "FK_Comments_BusinessTasks_BusinessTaskId" FOREIGN KEY ("BusinessTaskId") REFERENCES public."BusinessTasks"("Id");


--
-- Name: Comments FK_Comments_UserAccounts_AuthorCreatedId; Type: FK CONSTRAINT; Schema: public; Owner: postgres
--

ALTER TABLE ONLY public."Comments"
    ADD CONSTRAINT "FK_Comments_UserAccounts_AuthorCreatedId" FOREIGN KEY ("AuthorCreatedId") REFERENCES public."UserAccounts"("Id") ON DELETE CASCADE;


--
-- Name: Comments FK_Comments_WorkflowInstances_WorkflowInstanceId; Type: FK CONSTRAINT; Schema: public; Owner: postgres
--

ALTER TABLE ONLY public."Comments"
    ADD CONSTRAINT "FK_Comments_WorkflowInstances_WorkflowInstanceId" FOREIGN KEY ("WorkflowInstanceId") REFERENCES public."WorkflowInstances"("Id");


--
-- Name: Companies FK_Companies_Contacts_ContactId; Type: FK CONSTRAINT; Schema: public; Owner: postgres
--

ALTER TABLE ONLY public."Companies"
    ADD CONSTRAINT "FK_Companies_Contacts_ContactId" FOREIGN KEY ("ContactId") REFERENCES public."Contacts"("Id");


--
-- Name: CompanyContract FK_CompanyContract_Companies_CustomerCompaniesId; Type: FK CONSTRAINT; Schema: public; Owner: postgres
--

ALTER TABLE ONLY public."CompanyContract"
    ADD CONSTRAINT "FK_CompanyContract_Companies_CustomerCompaniesId" FOREIGN KEY ("CustomerCompaniesId") REFERENCES public."Companies"("Id") ON DELETE CASCADE;


--
-- Name: CompanyContract FK_CompanyContract_Contract_ContractsId; Type: FK CONSTRAINT; Schema: public; Owner: postgres
--

ALTER TABLE ONLY public."CompanyContract"
    ADD CONSTRAINT "FK_CompanyContract_Contract_ContractsId" FOREIGN KEY ("ContractsId") REFERENCES public."Contract"("Id") ON DELETE CASCADE;


--
-- Name: CompanyEmployee FK_CompanyEmployee_Companies_CompaniesId; Type: FK CONSTRAINT; Schema: public; Owner: postgres
--

ALTER TABLE ONLY public."CompanyEmployee"
    ADD CONSTRAINT "FK_CompanyEmployee_Companies_CompaniesId" FOREIGN KEY ("CompaniesId") REFERENCES public."Companies"("Id") ON DELETE CASCADE;


--
-- Name: CompanyEmployee FK_CompanyEmployee_Employees_EmployeesId; Type: FK CONSTRAINT; Schema: public; Owner: postgres
--

ALTER TABLE ONLY public."CompanyEmployee"
    ADD CONSTRAINT "FK_CompanyEmployee_Employees_EmployeesId" FOREIGN KEY ("EmployeesId") REFERENCES public."Employees"("Id") ON DELETE CASCADE;


--
-- Name: ContractCustomer FK_ContractCustomer_Contract_ContractsId; Type: FK CONSTRAINT; Schema: public; Owner: postgres
--

ALTER TABLE ONLY public."ContractCustomer"
    ADD CONSTRAINT "FK_ContractCustomer_Contract_ContractsId" FOREIGN KEY ("ContractsId") REFERENCES public."Contract"("Id") ON DELETE CASCADE;


--
-- Name: ContractCustomer FK_ContractCustomer_Customers_CustomersId; Type: FK CONSTRAINT; Schema: public; Owner: postgres
--

ALTER TABLE ONLY public."ContractCustomer"
    ADD CONSTRAINT "FK_ContractCustomer_Customers_CustomersId" FOREIGN KEY ("CustomersId") REFERENCES public."Customers"("Id") ON DELETE CASCADE;


--
-- Name: ContractEmployee FK_ContractEmployee_Contract_ContractsId; Type: FK CONSTRAINT; Schema: public; Owner: postgres
--

ALTER TABLE ONLY public."ContractEmployee"
    ADD CONSTRAINT "FK_ContractEmployee_Contract_ContractsId" FOREIGN KEY ("ContractsId") REFERENCES public."Contract"("Id") ON DELETE CASCADE;


--
-- Name: ContractEmployee FK_ContractEmployee_Employees_OurEmployeesId; Type: FK CONSTRAINT; Schema: public; Owner: postgres
--

ALTER TABLE ONLY public."ContractEmployee"
    ADD CONSTRAINT "FK_ContractEmployee_Employees_OurEmployeesId" FOREIGN KEY ("OurEmployeesId") REFERENCES public."Employees"("Id") ON DELETE CASCADE;


--
-- Name: ContractOrganization FK_ContractOrganization_Contract_ContractsId; Type: FK CONSTRAINT; Schema: public; Owner: postgres
--

ALTER TABLE ONLY public."ContractOrganization"
    ADD CONSTRAINT "FK_ContractOrganization_Contract_ContractsId" FOREIGN KEY ("ContractsId") REFERENCES public."Contract"("Id") ON DELETE CASCADE;


--
-- Name: ContractOrganization FK_ContractOrganization_Organizations_OurOrganizationsId; Type: FK CONSTRAINT; Schema: public; Owner: postgres
--

ALTER TABLE ONLY public."ContractOrganization"
    ADD CONSTRAINT "FK_ContractOrganization_Organizations_OurOrganizationsId" FOREIGN KEY ("OurOrganizationsId") REFERENCES public."Organizations"("Id") ON DELETE CASCADE;


--
-- Name: Customers FK_Customers_Companies_CompanyId; Type: FK CONSTRAINT; Schema: public; Owner: postgres
--

ALTER TABLE ONLY public."Customers"
    ADD CONSTRAINT "FK_Customers_Companies_CompanyId" FOREIGN KEY ("CompanyId") REFERENCES public."Companies"("Id");


--
-- Name: Customers FK_Customers_Contacts_ContactId; Type: FK CONSTRAINT; Schema: public; Owner: postgres
--

ALTER TABLE ONLY public."Customers"
    ADD CONSTRAINT "FK_Customers_Contacts_ContactId" FOREIGN KEY ("ContactId") REFERENCES public."Contacts"("Id");


--
-- Name: Customers FK_Customers_UserAccounts_UserAccountId; Type: FK CONSTRAINT; Schema: public; Owner: postgres
--

ALTER TABLE ONLY public."Customers"
    ADD CONSTRAINT "FK_Customers_UserAccounts_UserAccountId" FOREIGN KEY ("UserAccountId") REFERENCES public."UserAccounts"("Id");


--
-- Name: DeliveryOrderProducts FK_DeliveryOrderProducts_Orders_DeliveryOrderId; Type: FK CONSTRAINT; Schema: public; Owner: postgres
--

ALTER TABLE ONLY public."DeliveryOrderProducts"
    ADD CONSTRAINT "FK_DeliveryOrderProducts_Orders_DeliveryOrderId" FOREIGN KEY ("DeliveryOrderId") REFERENCES public."Orders"("Id");


--
-- Name: DeliveryOrderProducts FK_DeliveryOrderProducts_Products_ProductId; Type: FK CONSTRAINT; Schema: public; Owner: postgres
--

ALTER TABLE ONLY public."DeliveryOrderProducts"
    ADD CONSTRAINT "FK_DeliveryOrderProducts_Products_ProductId" FOREIGN KEY ("ProductId") REFERENCES public."Products"("Id");


--
-- Name: EmployeeOrganizationItem FK_EmployeeOrganizationItem_Employees_EmployeesId; Type: FK CONSTRAINT; Schema: public; Owner: postgres
--

ALTER TABLE ONLY public."EmployeeOrganizationItem"
    ADD CONSTRAINT "FK_EmployeeOrganizationItem_Employees_EmployeesId" FOREIGN KEY ("EmployeesId") REFERENCES public."Employees"("Id") ON DELETE CASCADE;


--
-- Name: EmployeeOrganizationItem FK_EmployeeOrganizationItem_OrganizationItems_OrganizationItem~; Type: FK CONSTRAINT; Schema: public; Owner: postgres
--

ALTER TABLE ONLY public."EmployeeOrganizationItem"
    ADD CONSTRAINT "FK_EmployeeOrganizationItem_OrganizationItems_OrganizationItem~" FOREIGN KEY ("OrganizationItemsId") REFERENCES public."OrganizationItems"("Id") ON DELETE CASCADE;


--
-- Name: EndpointCalls FK_EndpointCalls_EndpointTypes_EndpointTypeFromId; Type: FK CONSTRAINT; Schema: public; Owner: postgres
--

ALTER TABLE ONLY public."EndpointCalls"
    ADD CONSTRAINT "FK_EndpointCalls_EndpointTypes_EndpointTypeFromId" FOREIGN KEY ("EndpointTypeFromId") REFERENCES public."EndpointTypes"("Id");


--
-- Name: EndpointCalls FK_EndpointCalls_EndpointTypes_EndpointTypeToId; Type: FK CONSTRAINT; Schema: public; Owner: postgres
--

ALTER TABLE ONLY public."EndpointCalls"
    ADD CONSTRAINT "FK_EndpointCalls_EndpointTypes_EndpointTypeToId" FOREIGN KEY ("EndpointTypeToId") REFERENCES public."EndpointTypes"("Id");


--
-- Name: EndpointCalls FK_EndpointCalls_Endpoints_EndpointFromId; Type: FK CONSTRAINT; Schema: public; Owner: postgres
--

ALTER TABLE ONLY public."EndpointCalls"
    ADD CONSTRAINT "FK_EndpointCalls_Endpoints_EndpointFromId" FOREIGN KEY ("EndpointFromId") REFERENCES public."Endpoints"("Id");


--
-- Name: EndpointCalls FK_EndpointCalls_Endpoints_EndpointToId; Type: FK CONSTRAINT; Schema: public; Owner: postgres
--

ALTER TABLE ONLY public."EndpointCalls"
    ADD CONSTRAINT "FK_EndpointCalls_Endpoints_EndpointToId" FOREIGN KEY ("EndpointToId") REFERENCES public."Endpoints"("Id");


--
-- Name: Endpoints FK_Endpoints_EndpointTypes_EndpointTypeId; Type: FK CONSTRAINT; Schema: public; Owner: postgres
--

ALTER TABLE ONLY public."Endpoints"
    ADD CONSTRAINT "FK_Endpoints_EndpointTypes_EndpointTypeId" FOREIGN KEY ("EndpointTypeId") REFERENCES public."EndpointTypes"("Id");


--
-- Name: Ingredients FK_Ingredients_Products_FinalProductId; Type: FK CONSTRAINT; Schema: public; Owner: postgres
--

ALTER TABLE ONLY public."Ingredients"
    ADD CONSTRAINT "FK_Ingredients_Products_FinalProductId" FOREIGN KEY ("FinalProductId") REFERENCES public."Products"("Id");


--
-- Name: Ingredients FK_Ingredients_Products_IngredientProductId; Type: FK CONSTRAINT; Schema: public; Owner: postgres
--

ALTER TABLE ONLY public."Ingredients"
    ADD CONSTRAINT "FK_Ingredients_Products_IngredientProductId" FOREIGN KEY ("IngredientProductId") REFERENCES public."Products"("Id");


--
-- Name: Ingredients FK_Ingredients_Recipes_RecipeId; Type: FK CONSTRAINT; Schema: public; Owner: postgres
--

ALTER TABLE ONLY public."Ingredients"
    ADD CONSTRAINT "FK_Ingredients_Recipes_RecipeId" FOREIGN KEY ("RecipeId") REFERENCES public."Recipes"("Id");


--
-- Name: InitialOrderIngredients FK_InitialOrderIngredients_BusinessTasks_CookingOperationId; Type: FK CONSTRAINT; Schema: public; Owner: postgres
--

ALTER TABLE ONLY public."InitialOrderIngredients"
    ADD CONSTRAINT "FK_InitialOrderIngredients_BusinessTasks_CookingOperationId" FOREIGN KEY ("CookingOperationId") REFERENCES public."BusinessTasks"("Id");


--
-- Name: InitialOrderIngredients FK_InitialOrderIngredients_BusinessTasks_DeliveryWh2KitchenId; Type: FK CONSTRAINT; Schema: public; Owner: postgres
--

ALTER TABLE ONLY public."InitialOrderIngredients"
    ADD CONSTRAINT "FK_InitialOrderIngredients_BusinessTasks_DeliveryWh2KitchenId" FOREIGN KEY ("DeliveryWh2KitchenId") REFERENCES public."BusinessTasks"("Id");


--
-- Name: InitialOrderIngredients FK_InitialOrderIngredients_Ingredients_IngredientId; Type: FK CONSTRAINT; Schema: public; Owner: postgres
--

ALTER TABLE ONLY public."InitialOrderIngredients"
    ADD CONSTRAINT "FK_InitialOrderIngredients_Ingredients_IngredientId" FOREIGN KEY ("IngredientId") REFERENCES public."Ingredients"("Id");


--
-- Name: InitialOrderIngredients FK_InitialOrderIngredients_InitialOrderProducts_InitialOrderPr~; Type: FK CONSTRAINT; Schema: public; Owner: postgres
--

ALTER TABLE ONLY public."InitialOrderIngredients"
    ADD CONSTRAINT "FK_InitialOrderIngredients_InitialOrderProducts_InitialOrderPr~" FOREIGN KEY ("InitialOrderProductId") REFERENCES public."InitialOrderProducts"("Id");


--
-- Name: InitialOrderIngredients FK_InitialOrderIngredients_InitialOrders_InitialOrderId; Type: FK CONSTRAINT; Schema: public; Owner: postgres
--

ALTER TABLE ONLY public."InitialOrderIngredients"
    ADD CONSTRAINT "FK_InitialOrderIngredients_InitialOrders_InitialOrderId" FOREIGN KEY ("InitialOrderId") REFERENCES public."InitialOrders"("Id");


--
-- Name: InitialOrderProducts FK_InitialOrderProducts_BusinessTasks_CookingOperationId; Type: FK CONSTRAINT; Schema: public; Owner: postgres
--

ALTER TABLE ONLY public."InitialOrderProducts"
    ADD CONSTRAINT "FK_InitialOrderProducts_BusinessTasks_CookingOperationId" FOREIGN KEY ("CookingOperationId") REFERENCES public."BusinessTasks"("Id");


--
-- Name: InitialOrderProducts FK_InitialOrderProducts_BusinessTasks_DeliveryKitchen2WhId; Type: FK CONSTRAINT; Schema: public; Owner: postgres
--

ALTER TABLE ONLY public."InitialOrderProducts"
    ADD CONSTRAINT "FK_InitialOrderProducts_BusinessTasks_DeliveryKitchen2WhId" FOREIGN KEY ("DeliveryKitchen2WhId") REFERENCES public."BusinessTasks"("Id");


--
-- Name: InitialOrderProducts FK_InitialOrderProducts_BusinessTasks_DeliveryWh2KitchenId; Type: FK CONSTRAINT; Schema: public; Owner: postgres
--

ALTER TABLE ONLY public."InitialOrderProducts"
    ADD CONSTRAINT "FK_InitialOrderProducts_BusinessTasks_DeliveryWh2KitchenId" FOREIGN KEY ("DeliveryWh2KitchenId") REFERENCES public."BusinessTasks"("Id");


--
-- Name: InitialOrderProducts FK_InitialOrderProducts_InitialOrders_InitialOrderId; Type: FK CONSTRAINT; Schema: public; Owner: postgres
--

ALTER TABLE ONLY public."InitialOrderProducts"
    ADD CONSTRAINT "FK_InitialOrderProducts_InitialOrders_InitialOrderId" FOREIGN KEY ("InitialOrderId") REFERENCES public."InitialOrders"("Id");


--
-- Name: InitialOrderProducts FK_InitialOrderProducts_Products_ProductId; Type: FK CONSTRAINT; Schema: public; Owner: postgres
--

ALTER TABLE ONLY public."InitialOrderProducts"
    ADD CONSTRAINT "FK_InitialOrderProducts_Products_ProductId" FOREIGN KEY ("ProductId") REFERENCES public."Products"("Id");


--
-- Name: InitialOrders FK_InitialOrders_BusinessTasks_CookingOperationId; Type: FK CONSTRAINT; Schema: public; Owner: postgres
--

ALTER TABLE ONLY public."InitialOrders"
    ADD CONSTRAINT "FK_InitialOrders_BusinessTasks_CookingOperationId" FOREIGN KEY ("CookingOperationId") REFERENCES public."BusinessTasks"("Id");


--
-- Name: InitialOrders FK_InitialOrders_BusinessTasks_DeliveryKitchen2WhId; Type: FK CONSTRAINT; Schema: public; Owner: postgres
--

ALTER TABLE ONLY public."InitialOrders"
    ADD CONSTRAINT "FK_InitialOrders_BusinessTasks_DeliveryKitchen2WhId" FOREIGN KEY ("DeliveryKitchen2WhId") REFERENCES public."BusinessTasks"("Id");


--
-- Name: InitialOrders FK_InitialOrders_BusinessTasks_DeliveryWh2KitchenId; Type: FK CONSTRAINT; Schema: public; Owner: postgres
--

ALTER TABLE ONLY public."InitialOrders"
    ADD CONSTRAINT "FK_InitialOrders_BusinessTasks_DeliveryWh2KitchenId" FOREIGN KEY ("DeliveryWh2KitchenId") REFERENCES public."BusinessTasks"("Id");


--
-- Name: OrderProducts FK_OrderProducts_Orders_OrderId; Type: FK CONSTRAINT; Schema: public; Owner: postgres
--

ALTER TABLE ONLY public."OrderProducts"
    ADD CONSTRAINT "FK_OrderProducts_Orders_OrderId" FOREIGN KEY ("OrderId") REFERENCES public."Orders"("Id");


--
-- Name: OrderProducts FK_OrderProducts_Products_ProductId; Type: FK CONSTRAINT; Schema: public; Owner: postgres
--

ALTER TABLE ONLY public."OrderProducts"
    ADD CONSTRAINT "FK_OrderProducts_Products_ProductId" FOREIGN KEY ("ProductId") REFERENCES public."Products"("Id");


--
-- Name: Orders FK_Orders_DeliveryMethods_DeliveryMethodId; Type: FK CONSTRAINT; Schema: public; Owner: postgres
--

ALTER TABLE ONLY public."Orders"
    ADD CONSTRAINT "FK_Orders_DeliveryMethods_DeliveryMethodId" FOREIGN KEY ("DeliveryMethodId") REFERENCES public."DeliveryMethods"("Id");


--
-- Name: Orders FK_Orders_Orders_ParentDeliveryOrderId; Type: FK CONSTRAINT; Schema: public; Owner: postgres
--

ALTER TABLE ONLY public."Orders"
    ADD CONSTRAINT "FK_Orders_Orders_ParentDeliveryOrderId" FOREIGN KEY ("ParentDeliveryOrderId") REFERENCES public."Orders"("Id");


--
-- Name: Orders FK_Orders_Orders_ParentOrderId; Type: FK CONSTRAINT; Schema: public; Owner: postgres
--

ALTER TABLE ONLY public."Orders"
    ADD CONSTRAINT "FK_Orders_Orders_ParentOrderId" FOREIGN KEY ("ParentOrderId") REFERENCES public."Orders"("Id");


--
-- Name: OrganizationItems FK_OrganizationItems_OrganizationItems_ParentItemId; Type: FK CONSTRAINT; Schema: public; Owner: postgres
--

ALTER TABLE ONLY public."OrganizationItems"
    ADD CONSTRAINT "FK_OrganizationItems_OrganizationItems_ParentItemId" FOREIGN KEY ("ParentItemId") REFERENCES public."OrganizationItems"("Id");


--
-- Name: Organizations FK_Organizations_Companies_CompanyId; Type: FK CONSTRAINT; Schema: public; Owner: postgres
--

ALTER TABLE ONLY public."Organizations"
    ADD CONSTRAINT "FK_Organizations_Companies_CompanyId" FOREIGN KEY ("CompanyId") REFERENCES public."Companies"("Id");


--
-- Name: Organizations FK_Organizations_OrganizationItems_HeadItemId; Type: FK CONSTRAINT; Schema: public; Owner: postgres
--

ALTER TABLE ONLY public."Organizations"
    ADD CONSTRAINT "FK_Organizations_OrganizationItems_HeadItemId" FOREIGN KEY ("HeadItemId") REFERENCES public."OrganizationItems"("Id");


--
-- Name: Payments FK_Payments_Orders_OrderId; Type: FK CONSTRAINT; Schema: public; Owner: postgres
--

ALTER TABLE ONLY public."Payments"
    ADD CONSTRAINT "FK_Payments_Orders_OrderId" FOREIGN KEY ("OrderId") REFERENCES public."Orders"("Id");


--
-- Name: ProductTransfers FK_ProductTransfers_DeliveryOrderProducts_DeliveryOrderProduct~; Type: FK CONSTRAINT; Schema: public; Owner: postgres
--

ALTER TABLE ONLY public."ProductTransfers"
    ADD CONSTRAINT "FK_ProductTransfers_DeliveryOrderProducts_DeliveryOrderProduct~" FOREIGN KEY ("DeliveryOrderProductId") REFERENCES public."DeliveryOrderProducts"("Id");


--
-- Name: ProductTransfers FK_ProductTransfers_OrderProducts_OrderProductId; Type: FK CONSTRAINT; Schema: public; Owner: postgres
--

ALTER TABLE ONLY public."ProductTransfers"
    ADD CONSTRAINT "FK_ProductTransfers_OrderProducts_OrderProductId" FOREIGN KEY ("OrderProductId") REFERENCES public."OrderProducts"("Id");


--
-- Name: ProductTransfers FK_ProductTransfers_Orders_DeliveryOrderId; Type: FK CONSTRAINT; Schema: public; Owner: postgres
--

ALTER TABLE ONLY public."ProductTransfers"
    ADD CONSTRAINT "FK_ProductTransfers_Orders_DeliveryOrderId" FOREIGN KEY ("DeliveryOrderId") REFERENCES public."Orders"("Id");


--
-- Name: ProductTransfers FK_ProductTransfers_Orders_OrderId; Type: FK CONSTRAINT; Schema: public; Owner: postgres
--

ALTER TABLE ONLY public."ProductTransfers"
    ADD CONSTRAINT "FK_ProductTransfers_Orders_OrderId" FOREIGN KEY ("OrderId") REFERENCES public."Orders"("Id");


--
-- Name: ProductTransfers FK_ProductTransfers_ProductTransfers_ParentId; Type: FK CONSTRAINT; Schema: public; Owner: postgres
--

ALTER TABLE ONLY public."ProductTransfers"
    ADD CONSTRAINT "FK_ProductTransfers_ProductTransfers_ParentId" FOREIGN KEY ("ParentId") REFERENCES public."ProductTransfers"("Id");


--
-- Name: ProductTransfers FK_ProductTransfers_WHProducts_WHProductId; Type: FK CONSTRAINT; Schema: public; Owner: postgres
--

ALTER TABLE ONLY public."ProductTransfers"
    ADD CONSTRAINT "FK_ProductTransfers_WHProducts_WHProductId" FOREIGN KEY ("WHProductId") REFERENCES public."WHProducts"("Id");


--
-- Name: Products FK_Products_ProductCategories_ProductCategoryId; Type: FK CONSTRAINT; Schema: public; Owner: postgres
--

ALTER TABLE ONLY public."Products"
    ADD CONSTRAINT "FK_Products_ProductCategories_ProductCategoryId" FOREIGN KEY ("ProductCategoryId") REFERENCES public."ProductCategories"("Id");


--
-- Name: ProjectPhase FK_ProjectPhase_ProjectPlanItem_ProjectPlanItemId; Type: FK CONSTRAINT; Schema: public; Owner: postgres
--

ALTER TABLE ONLY public."ProjectPhase"
    ADD CONSTRAINT "FK_ProjectPhase_ProjectPlanItem_ProjectPlanItemId" FOREIGN KEY ("ProjectPlanItemId") REFERENCES public."ProjectPlanItem"("Id");


--
-- Name: ProjectPhase FK_ProjectPhase_Project_ProjectId; Type: FK CONSTRAINT; Schema: public; Owner: postgres
--

ALTER TABLE ONLY public."ProjectPhase"
    ADD CONSTRAINT "FK_ProjectPhase_Project_ProjectId" FOREIGN KEY ("ProjectId") REFERENCES public."Project"("Id");


--
-- Name: ProjectPlanItem FK_ProjectPlanItem_ProjectPlanItem_ProjectPlanItemId; Type: FK CONSTRAINT; Schema: public; Owner: postgres
--

ALTER TABLE ONLY public."ProjectPlanItem"
    ADD CONSTRAINT "FK_ProjectPlanItem_ProjectPlanItem_ProjectPlanItemId" FOREIGN KEY ("ProjectPlanItemId") REFERENCES public."ProjectPlanItem"("Id");


--
-- Name: Project FK_Project_Companies_CompanyId; Type: FK CONSTRAINT; Schema: public; Owner: postgres
--

ALTER TABLE ONLY public."Project"
    ADD CONSTRAINT "FK_Project_Companies_CompanyId" FOREIGN KEY ("CompanyId") REFERENCES public."Companies"("Id");


--
-- Name: Project FK_Project_Contract_ContractId; Type: FK CONSTRAINT; Schema: public; Owner: postgres
--

ALTER TABLE ONLY public."Project"
    ADD CONSTRAINT "FK_Project_Contract_ContractId" FOREIGN KEY ("ContractId") REFERENCES public."Contract"("Id") ON DELETE CASCADE;


--
-- Name: Project FK_Project_Customers_CustomerId; Type: FK CONSTRAINT; Schema: public; Owner: postgres
--

ALTER TABLE ONLY public."Project"
    ADD CONSTRAINT "FK_Project_Customers_CustomerId" FOREIGN KEY ("CustomerId") REFERENCES public."Customers"("Id");


--
-- Name: Project FK_Project_Employees_ManagerId; Type: FK CONSTRAINT; Schema: public; Owner: postgres
--

ALTER TABLE ONLY public."Project"
    ADD CONSTRAINT "FK_Project_Employees_ManagerId" FOREIGN KEY ("ManagerId") REFERENCES public."Employees"("Id");


--
-- Name: Recipes FK_Recipes_Products_ProductId; Type: FK CONSTRAINT; Schema: public; Owner: postgres
--

ALTER TABLE ONLY public."Recipes"
    ADD CONSTRAINT "FK_Recipes_Products_ProductId" FOREIGN KEY ("ProductId") REFERENCES public."Products"("Id");


--
-- Name: Risk FK_Risk_BusinessTasks_BusinessTaskId; Type: FK CONSTRAINT; Schema: public; Owner: postgres
--

ALTER TABLE ONLY public."Risk"
    ADD CONSTRAINT "FK_Risk_BusinessTasks_BusinessTaskId" FOREIGN KEY ("BusinessTaskId") REFERENCES public."BusinessTasks"("Id");


--
-- Name: Risk FK_Risk_Employees_AuthorChangedId; Type: FK CONSTRAINT; Schema: public; Owner: postgres
--

ALTER TABLE ONLY public."Risk"
    ADD CONSTRAINT "FK_Risk_Employees_AuthorChangedId" FOREIGN KEY ("AuthorChangedId") REFERENCES public."Employees"("Id");


--
-- Name: Risk FK_Risk_Employees_AuthorCreatedId; Type: FK CONSTRAINT; Schema: public; Owner: postgres
--

ALTER TABLE ONLY public."Risk"
    ADD CONSTRAINT "FK_Risk_Employees_AuthorCreatedId" FOREIGN KEY ("AuthorCreatedId") REFERENCES public."Employees"("Id");


--
-- Name: Risk FK_Risk_Employees_AuthorResolvedId; Type: FK CONSTRAINT; Schema: public; Owner: postgres
--

ALTER TABLE ONLY public."Risk"
    ADD CONSTRAINT "FK_Risk_Employees_AuthorResolvedId" FOREIGN KEY ("AuthorResolvedId") REFERENCES public."Employees"("Id");


--
-- Name: Risk FK_Risk_Project_ProjectId; Type: FK CONSTRAINT; Schema: public; Owner: postgres
--

ALTER TABLE ONLY public."Risk"
    ADD CONSTRAINT "FK_Risk_Project_ProjectId" FOREIGN KEY ("ProjectId") REFERENCES public."Project"("Id");


--
-- Name: Skill FK_Skill_Employees_EmployeeId; Type: FK CONSTRAINT; Schema: public; Owner: postgres
--

ALTER TABLE ONLY public."Skill"
    ADD CONSTRAINT "FK_Skill_Employees_EmployeeId" FOREIGN KEY ("EmployeeId") REFERENCES public."Employees"("Id");


--
-- Name: UserAccountGroups FK_UserAccountGroups_UserAccounts_UserAccountId; Type: FK CONSTRAINT; Schema: public; Owner: postgres
--

ALTER TABLE ONLY public."UserAccountGroups"
    ADD CONSTRAINT "FK_UserAccountGroups_UserAccounts_UserAccountId" FOREIGN KEY ("UserAccountId") REFERENCES public."UserAccounts"("Id") ON DELETE CASCADE;


--
-- Name: UserAccountGroups FK_UserAccountGroups_UserGroups_UserGroupId; Type: FK CONSTRAINT; Schema: public; Owner: postgres
--

ALTER TABLE ONLY public."UserAccountGroups"
    ADD CONSTRAINT "FK_UserAccountGroups_UserGroups_UserGroupId" FOREIGN KEY ("UserGroupId") REFERENCES public."UserGroups"("Id") ON DELETE CASCADE;


--
-- Name: UserGroups FK_UserGroups_UserAccounts_AuthorChangedId; Type: FK CONSTRAINT; Schema: public; Owner: postgres
--

ALTER TABLE ONLY public."UserGroups"
    ADD CONSTRAINT "FK_UserGroups_UserAccounts_AuthorChangedId" FOREIGN KEY ("AuthorChangedId") REFERENCES public."UserAccounts"("Id");


--
-- Name: UserGroups FK_UserGroups_UserAccounts_AuthorCreatedId; Type: FK CONSTRAINT; Schema: public; Owner: postgres
--

ALTER TABLE ONLY public."UserGroups"
    ADD CONSTRAINT "FK_UserGroups_UserAccounts_AuthorCreatedId" FOREIGN KEY ("AuthorCreatedId") REFERENCES public."UserAccounts"("Id");


--
-- Name: WHProducts FK_WHProducts_Products_ProductId; Type: FK CONSTRAINT; Schema: public; Owner: postgres
--

ALTER TABLE ONLY public."WHProducts"
    ADD CONSTRAINT "FK_WHProducts_Products_ProductId" FOREIGN KEY ("ProductId") REFERENCES public."Products"("Id");


--
-- Name: WorkflowInstanceMember FK_WorkflowInstanceMember_BusinessTasks_BusinessTaskId; Type: FK CONSTRAINT; Schema: public; Owner: postgres
--

ALTER TABLE ONLY public."WorkflowInstanceMember"
    ADD CONSTRAINT "FK_WorkflowInstanceMember_BusinessTasks_BusinessTaskId" FOREIGN KEY ("BusinessTaskId") REFERENCES public."BusinessTasks"("Id");


--
-- Name: WorkflowInstanceMember FK_WorkflowInstanceMember_UserAccounts_UserAccountId; Type: FK CONSTRAINT; Schema: public; Owner: postgres
--

ALTER TABLE ONLY public."WorkflowInstanceMember"
    ADD CONSTRAINT "FK_WorkflowInstanceMember_UserAccounts_UserAccountId" FOREIGN KEY ("UserAccountId") REFERENCES public."UserAccounts"("Id");


--
-- Name: WorkflowInstanceMember FK_WorkflowInstanceMember_WorkflowInstances_InstanceId; Type: FK CONSTRAINT; Schema: public; Owner: postgres
--

ALTER TABLE ONLY public."WorkflowInstanceMember"
    ADD CONSTRAINT "FK_WorkflowInstanceMember_WorkflowInstances_InstanceId" FOREIGN KEY ("InstanceId") REFERENCES public."WorkflowInstances"("Id");


--
-- Name: WorkflowInstances FK_WorkflowInstances_BusinessProcesses_BusinessProcessId; Type: FK CONSTRAINT; Schema: public; Owner: postgres
--

ALTER TABLE ONLY public."WorkflowInstances"
    ADD CONSTRAINT "FK_WorkflowInstances_BusinessProcesses_BusinessProcessId" FOREIGN KEY ("BusinessProcessId") REFERENCES public."BusinessProcesses"("Id") ON DELETE CASCADE;


--
-- Name: WorkflowInstances FK_WorkflowInstances_UserAccounts_InitiatorId; Type: FK CONSTRAINT; Schema: public; Owner: postgres
--

ALTER TABLE ONLY public."WorkflowInstances"
    ADD CONSTRAINT "FK_WorkflowInstances_UserAccounts_InitiatorId" FOREIGN KEY ("InitiatorId") REFERENCES public."UserAccounts"("Id");


--
-- Name: WorkflowInstances FK_WorkflowInstances_WorkflowInstances_ParentInstanceId; Type: FK CONSTRAINT; Schema: public; Owner: postgres
--

ALTER TABLE ONLY public."WorkflowInstances"
    ADD CONSTRAINT "FK_WorkflowInstances_WorkflowInstances_ParentInstanceId" FOREIGN KEY ("ParentInstanceId") REFERENCES public."WorkflowInstances"("Id");


--
-- Name: WorkflowTrackingItems FK_WorkflowTrackingItems_BDEConnector_BDEConnectorId; Type: FK CONSTRAINT; Schema: public; Owner: postgres
--

ALTER TABLE ONLY public."WorkflowTrackingItems"
    ADD CONSTRAINT "FK_WorkflowTrackingItems_BDEConnector_BDEConnectorId" FOREIGN KEY ("BDEConnectorId") REFERENCES public."BDEConnector"("Id");


--
-- Name: WorkflowTrackingItems FK_WorkflowTrackingItems_BusinessTasks_ActiveTaskId; Type: FK CONSTRAINT; Schema: public; Owner: postgres
--

ALTER TABLE ONLY public."WorkflowTrackingItems"
    ADD CONSTRAINT "FK_WorkflowTrackingItems_BusinessTasks_ActiveTaskId" FOREIGN KEY ("ActiveTaskId") REFERENCES public."BusinessTasks"("Id") ON DELETE CASCADE;


--
-- Name: WorkflowTrackingItems FK_WorkflowTrackingItems_Comments_CommentId; Type: FK CONSTRAINT; Schema: public; Owner: postgres
--

ALTER TABLE ONLY public."WorkflowTrackingItems"
    ADD CONSTRAINT "FK_WorkflowTrackingItems_Comments_CommentId" FOREIGN KEY ("CommentId") REFERENCES public."Comments"("Id");


--
-- Name: WorkflowTrackingItems FK_WorkflowTrackingItems_WorkflowInstances_WorkflowInstanceId; Type: FK CONSTRAINT; Schema: public; Owner: postgres
--

ALTER TABLE ONLY public."WorkflowTrackingItems"
    ADD CONSTRAINT "FK_WorkflowTrackingItems_WorkflowInstances_WorkflowInstanceId" FOREIGN KEY ("WorkflowInstanceId") REFERENCES public."WorkflowInstances"("Id") ON DELETE CASCADE;


--
-- PostgreSQL database dump complete
--

